,train,test
unique_dimensions,"[[ 150  198]
 [ 173  201]
 [ 177  197]
 [ 180  218]
 [ 192  192]
 [ 194  259]
 [ 196  257]
 [ 200  200]
 [ 200  210]
 [ 200  223]
 [ 200  235]
 [ 200  236]
 [ 200  243]
 [ 200  248]
 [ 200  252]
 [ 201  207]
 [ 201  210]
 [ 201  244]
 [ 201  249]
 [ 201  250]
 [ 201  251]
 [ 202  202]
 [ 202  223]
 [ 202  250]
 [ 203  243]
 [ 203  248]
 [ 204  247]
 [ 204  249]
 [ 205  214]
 [ 205  249]
 [ 205  251]
 [ 206  244]
 [ 206  245]
 [ 206  249]
 [ 207  207]
 [ 207  225]
 [ 207  243]
 [ 208  217]
 [ 208  225]
 [ 208  242]
 [ 208  243]
 [ 208  248]
 [ 208  278]
 [ 209  225]
 [ 209  234]
 [ 209  241]
 [ 209  242]
 [ 210  201]
 [ 210  213]
 [ 210  234]
 [ 210  240]
 [ 210  264]
 [ 211  236]
 [ 211  239]
 [ 212  222]
 [ 212  236]
 [ 212  237]
 [ 212  238]
 [ 212  280]
 [ 213  236]
 [ 213  237]
 [ 214  216]
 [ 214  235]
 [ 214  236]
 [ 215  220]
 [ 215  234]
 [ 216  202]
 [ 216  216]
 [ 216  234]
 [ 216  293]
 [ 216  302]
 [ 217  232]
 [ 217  248]
 [ 218  231]
 [ 218  234]
 [ 219  211]
 [ 219  234]
 [ 220  212]
 [ 220  275]
 [ 221  228]
 [ 221  257]
 [ 222  252]
 [ 224  216]
 [ 224  219]
 [ 224  223]
 [ 224  262]
 [ 224  286]
 [ 225  218]
 [ 225  225]
 [ 225  259]
 [ 226  212]
 [ 226  213]
 [ 226  214]
 [ 226  223]
 [ 227  213]
 [ 227  222]
 [ 227  262]
 [ 227  300]
 [ 228  221]
 [ 228  228]
 [ 229  214]
 [ 229  223]
 [ 229  280]
 [ 230  235]
 [ 230  241]
 [ 230  274]
 [ 230  282]
 [ 232  216]
 [ 232  217]
 [ 232  261]
 [ 233  208]
 [ 233  210]
 [ 233  218]
 [ 233  222]
 [ 233  226]
 [ 233  228]
 [ 233  243]
 [ 234  216]
 [ 234  218]
 [ 234  224]
 [ 234  225]
 [ 234  234]
 [ 235  214]
 [ 235  215]
 [ 235  216]
 [ 235  227]
 [ 235  228]
 [ 235  229]
 [ 235  233]
 [ 235  244]
 [ 235  257]
 [ 235  261]
 [ 235  264]
 [ 235  277]
 [ 235  304]
 [ 236  201]
 [ 236  203]
 [ 236  213]
 [ 236  216]
 [ 236  218]
 [ 236  220]
 [ 236  221]
 [ 236  222]
 [ 236  223]
 [ 236  226]
 [ 236  228]
 [ 236  231]
 [ 236  232]
 [ 236  236]
 [ 236  239]
 [ 236  240]
 [ 236  243]
 [ 236  250]
 [ 236  251]
 [ 236  252]
 [ 236  257]
 [ 236  260]
 [ 236  262]
 [ 236  263]
 [ 236  268]
 [ 236  269]
 [ 236  270]
 [ 236  273]
 [ 236  280]
 [ 236  290]
 [ 236  294]
 [ 236  295]
 [ 236  300]
 [ 236  309]
 [ 236  315]
 [ 236  357]
 [ 236  366]
 [ 237  248]
 [ 238  212]
 [ 239  224]
 [ 239  248]
 [ 244  274]
 [ 250  270]
 [ 251  273]
 [ 252  303]
 [ 253  239]
 [ 254  198]
 [ 254  325]
 [ 255  236]
 [ 256  256]
 [ 257  248]
 [ 257  307]
 [ 257  320]
 [ 259  194]
 [ 262  244]
 [ 262  308]
 [ 264  336]
 [ 267  328]
 [ 272  331]
 [ 273  326]
 [ 275  183]
 [ 275  301]
 [ 276  326]
 [ 278  253]
 [ 278  280]
 [ 278  306]
 [ 286  356]
 [ 289  354]
 [ 290  339]
 [ 290  342]
 [ 291  340]
 [ 295  394]
 [ 296  320]
 [ 298  354]
 [ 300  168]
 [ 300  258]
 [ 300  345]
 [ 300  359]
 [ 300  412]
 [ 304  410]
 [ 305  337]
 [ 306  306]
 [ 306  365]
 [ 312  401]
 [ 313  393]
 [ 314  258]
 [ 314  260]
 [ 314  358]
 [ 315  315]
 [ 315  341]
 [ 318  354]
 [ 320  344]
 [ 321  351]
 [ 323  342]
 [ 324  284]
 [ 329  310]
 [ 329  314]
 [ 330  220]
 [ 330  355]
 [ 331  406]
 [ 332  442]
 [ 336  380]
 [ 338  345]
 [ 339  340]
 [ 339  415]
 [ 341  372]
 [ 341  377]
 [ 341  395]
 [ 343  367]
 [ 350  350]
 [ 350  393]
 [ 351  398]
 [ 354  443]
 [ 355  452]
 [ 356  474]
 [ 359  449]
 [ 360  378]
 [ 364  418]
 [ 366  395]
 [ 367  395]
 [ 369  395]
 [ 369  398]
 [ 374  370]
 [ 374  456]
 [ 380  530]
 [ 387  469]
 [ 393  400]
 [ 400  400]
 [ 400  442]
 [ 402  396]
 [ 405  484]
 [ 407  485]
 [ 409  442]
 [ 410  490]
 [ 411  396]
 [ 411  496]
 [ 411  501]
 [ 414  496]
 [ 416  395]
 [ 416  489]
 [ 416  512]
 [ 417  424]
 [ 420  264]
 [ 420  280]
 [ 421  486]
 [ 428  417]
 [ 430  483]
 [ 434  512]
 [ 438  502]
 [ 439  512]
 [ 441  427]
 [ 441  442]
 [ 442  442]
 [ 442  454]
 [ 444  506]
 [ 446  512]
 [ 447  251]
 [ 450  446]
 [ 450  504]
 [ 452  509]
 [ 453  496]
 [ 455  500]
 [ 456  501]
 [ 468  444]
 [ 469  470]
 [ 470  432]
 [ 470  508]
 [ 472  537]
 [ 472  546]
 [ 474  474]
 [ 480  480]
 [ 485  510]
 [ 491  624]
 [ 494  600]
 [ 497  320]
 [ 497  398]
 [ 500  500]
 [ 502  502]
 [ 502  513]
 [ 503  369]
 [ 504  488]
 [ 504  540]
 [ 507  340]
 [ 507  362]
 [ 507  605]
 [ 512  512]
 [ 513  522]
 [ 528  528]
 [ 528  581]
 [ 530  526]
 [ 534  674]
 [ 550  664]
 [ 552  527]
 [ 554  554]
 [ 562  592]
 [ 590  332]
 [ 591  650]
 [ 600  450]
 [ 600  519]
 [ 600  600]
 [ 600  605]
 [ 605  613]
 [ 622  777]
 [ 626  575]
 [ 626  686]
 [ 629  585]
 [ 630  423]
 [ 630  614]
 [ 630  630]
 [ 642  361]
 [ 645  439]
 [ 648  674]
 [ 652  600]
 [ 655  602]
 [ 680  680]
 [ 685  681]
 [ 717  717]
 [ 721  903]
 [ 722  690]
 [ 724  851]
 [ 728  725]
 [ 733  781]
 [ 750  750]
 [ 755  824]
 [ 785  848]
 [ 800  693]
 [ 825  832]
 [ 825  993]
 [ 850  745]
 [ 850  872]
 [ 852  480]
 [ 853  480]
 [ 890 1075]
 [ 900  741]
 [ 926  649]
 [ 940  900]
 [1000  583]
 [1000  714]
 [1024  830]
 [1024 1024]
 [1149 1019]
 [1275 1427]
 [1280  720]
 [1280 1280]
 [1365 1365]
 [1375 1446]
 [1920 1080]]","[[ 150  198]
 [ 173  201]
 [ 174  230]
 [ 177  197]
 [ 192  192]
 [ 194  259]
 [ 196  257]
 [ 200  223]
 [ 200  235]
 [ 200  236]
 [ 200  243]
 [ 200  248]
 [ 200  252]
 [ 201  207]
 [ 201  249]
 [ 201  250]
 [ 201  251]
 [ 204  249]
 [ 205  214]
 [ 205  249]
 [ 205  251]
 [ 206  244]
 [ 206  245]
 [ 206  249]
 [ 207  225]
 [ 207  243]
 [ 208  217]
 [ 208  225]
 [ 208  242]
 [ 208  243]
 [ 208  248]
 [ 209  234]
 [ 209  241]
 [ 210  234]
 [ 210  240]
 [ 211  236]
 [ 211  239]
 [ 212  236]
 [ 212  237]
 [ 212  238]
 [ 212  280]
 [ 213  236]
 [ 213  237]
 [ 214  216]
 [ 214  235]
 [ 214  236]
 [ 215  220]
 [ 215  234]
 [ 216  216]
 [ 217  232]
 [ 218  231]
 [ 218  234]
 [ 219  234]
 [ 220  275]
 [ 221  228]
 [ 221  257]
 [ 222  252]
 [ 224  216]
 [ 224  219]
 [ 224  262]
 [ 225  225]
 [ 225  259]
 [ 226  214]
 [ 227  213]
 [ 227  222]
 [ 227  262]
 [ 228  221]
 [ 228  228]
 [ 230  282]
 [ 232  217]
 [ 232  261]
 [ 233  208]
 [ 233  226]
 [ 234  216]
 [ 234  218]
 [ 234  224]
 [ 234  225]
 [ 234  234]
 [ 235  214]
 [ 235  227]
 [ 235  228]
 [ 235  229]
 [ 235  233]
 [ 235  261]
 [ 236  213]
 [ 236  218]
 [ 236  228]
 [ 236  231]
 [ 236  236]
 [ 236  243]
 [ 236  251]
 [ 236  252]
 [ 236  257]
 [ 236  260]
 [ 236  262]
 [ 236  263]
 [ 236  268]
 [ 236  270]
 [ 236  273]
 [ 236  280]
 [ 236  290]
 [ 236  295]
 [ 236  300]
 [ 236  309]
 [ 236  315]
 [ 238  212]
 [ 239  224]
 [ 239  248]
 [ 252  303]
 [ 256  256]
 [ 257  248]
 [ 257  307]
 [ 259  194]
 [ 262  308]
 [ 273  326]
 [ 275  183]
 [ 276  326]
 [ 278  253]
 [ 278  306]
 [ 286  356]
 [ 289  354]
 [ 290  339]
 [ 290  342]
 [ 291  340]
 [ 295  394]
 [ 300  168]
 [ 300  258]
 [ 300  345]
 [ 300  412]
 [ 304  410]
 [ 305  337]
 [ 306  306]
 [ 312  401]
 [ 313  393]
 [ 314  195]
 [ 314  258]
 [ 314  260]
 [ 314  358]
 [ 315  315]
 [ 315  341]
 [ 318  354]
 [ 321  351]
 [ 323  342]
 [ 330  355]
 [ 338  345]
 [ 339  340]
 [ 341  372]
 [ 341  377]
 [ 341  395]
 [ 343  367]
 [ 350  393]
 [ 351  398]
 [ 352  322]
 [ 356  474]
 [ 359  449]
 [ 366  395]
 [ 367  395]
 [ 369  395]
 [ 369  398]
 [ 374  370]
 [ 380  530]
 [ 393  400]
 [ 400  442]
 [ 402  396]
 [ 411  396]
 [ 416  395]
 [ 420  280]
 [ 428  417]
 [ 440  278]
 [ 441  427]
 [ 441  442]
 [ 442  442]
 [ 442  454]
 [ 455  500]
 [ 468  444]
 [ 472  546]
 [ 480  480]
 [ 491  624]
 [ 504  540]
 [ 507  605]
 [ 512  512]
 [ 528  581]
 [ 530  526]
 [ 534  674]
 [ 540  568]
 [ 554  554]
 [ 591  650]
 [ 630  423]
 [ 630  630]
 [ 642  361]
 [ 645  439]
 [ 680  680]
 [ 722  690]
 [1149 1019]]"
min_width,150,150
max_width,1920,1149
min_height,168,168
max_height,1446,1019
mean_width,451.563200280112,421.1800152555301
mean_height,453.8837535014006,424.2227307398932
min_size_kb,3.3935546875,4.5751953125
max_size_kb,710.845703125,118.71484375
mean_size_kb,22.644428327971813,19.483012579853167
aspect_ratios,"[1.0, 1.0, 1.0, 1.0, 1.0, 1.0, 1.0, 1.0, 1.0, 1.0, 1.0, 1.0, 1.0, 1.0, 1.0, 1.0, 1.0, 1.0, 1.0, 1.0, 1.0, 1.0, 1.0, 1.0, 1.0, 1.0, 1.0, 1.0, 1.0, 1.0, 1.0, 1.0, 1.0, 1.0, 1.0, 1.0, 1.0, 1.0, 1.0, 1.0, 1.0, 1.0, 1.0, 1.0, 1.0, 1.0, 1.0, 1.0, 1.0, 1.0, 1.0, 1.0, 1.0, 1.0, 1.0, 1.0, 1.0, 1.0, 1.0, 1.0, 1.0, 1.0, 1.0, 1.0, 1.0, 1.0, 1.0, 1.0, 1.0, 1.0, 1.0, 1.0, 1.0, 1.0, 1.0, 1.0, 1.0, 1.0, 1.0, 1.0, 1.0, 1.0, 1.0, 1.0, 1.0, 1.0, 1.0, 1.0, 1.0, 1.0, 1.0, 1.0, 1.0, 1.0, 1.0, 1.0, 1.0, 1.0, 1.0, 1.0, 1.0, 1.0, 1.0, 1.0, 1.0, 1.0, 1.0, 1.0, 1.0, 1.0, 1.0, 1.0, 1.0, 1.0, 1.0, 1.0, 1.0, 1.0, 1.0, 1.0, 1.0, 1.0, 1.0, 1.0, 1.0, 1.0, 1.0, 1.0, 1.0, 1.0, 1.0, 1.0, 1.0, 1.0, 1.0, 1.0, 1.0, 1.0, 1.0, 1.0, 1.0, 1.0, 1.0, 1.0, 1.0, 1.0, 1.0, 1.0, 1.0, 1.0, 1.0, 1.0, 1.0, 1.0, 1.0, 1.0, 1.0, 1.0, 1.0, 1.0, 1.0, 1.0, 1.0, 1.0, 1.0, 1.0, 1.0, 1.0, 1.0, 1.0, 1.0, 1.0, 1.0, 1.0, 1.0, 1.0, 1.0, 1.0, 1.0, 1.0, 1.0, 1.0, 1.0, 1.0, 1.0, 1.0, 1.0, 1.0, 1.0, 1.0, 1.0, 1.0, 1.0, 1.0, 1.0, 1.0, 1.0, 1.0, 1.0, 1.0, 1.0, 1.0, 1.0, 1.0, 1.0, 1.0, 1.0, 1.0, 1.0, 1.0, 1.0, 1.0, 1.0, 1.0, 1.0, 1.0, 1.0, 1.0, 1.0, 1.0, 1.0, 1.0, 1.0, 1.0, 1.0, 1.0, 1.0, 1.0, 1.0, 1.0, 1.0, 1.0, 1.0, 1.0, 1.0, 1.0, 1.0, 1.0, 1.0, 1.0, 1.0, 1.0, 1.0, 1.0, 1.0, 1.0, 1.0, 1.0, 1.0, 1.0, 1.0, 1.0, 1.0, 1.0, 1.0, 1.0, 1.0, 1.0, 1.0, 1.0, 1.0, 1.0, 1.0, 1.0, 1.0, 1.0, 1.0, 1.0, 1.0, 1.0, 1.0, 1.0, 1.0, 1.0, 1.0, 1.0, 1.0, 1.0, 1.0, 1.0, 1.0, 1.0, 1.0, 1.0, 1.0, 1.0, 1.0, 1.0, 1.0, 1.0, 1.0, 1.0, 1.0, 1.0, 1.0, 1.0, 1.0, 1.0, 1.0, 1.0, 1.0, 1.0, 1.0, 1.0, 1.0, 1.0, 1.0, 1.0, 1.0, 1.0, 1.0, 1.0, 1.0, 1.0, 1.0, 1.0, 1.0, 1.0, 1.0, 1.0, 1.0, 1.0, 1.0, 1.0, 1.0, 1.0, 1.0, 1.0, 1.0, 1.0, 1.0, 1.0, 1.0, 1.0, 1.0, 1.0, 1.0, 1.0, 1.0, 1.0, 1.0, 1.0, 1.0, 1.0, 1.0, 1.0, 1.0, 1.0, 1.0, 1.0, 1.0, 1.0, 1.0, 1.0, 1.0, 1.0, 1.0, 1.0, 1.0, 1.0, 1.0, 1.0, 1.0, 1.0, 1.0, 1.0, 1.0, 1.0, 1.0, 1.0, 1.0, 1.0, 1.0, 1.0, 1.0, 1.0, 1.0, 1.0, 1.0, 1.0, 1.0, 1.0, 1.0, 1.0, 1.0, 1.0, 1.0, 1.0, 1.0, 1.0, 1.0, 1.0, 1.0, 1.0, 1.0, 1.0, 1.0, 1.0, 1.0, 1.0, 1.0, 1.0, 1.0, 1.0, 1.0, 1.0, 1.0, 1.0, 1.0, 1.0, 1.0, 1.0, 1.0, 1.0, 1.0, 1.0, 1.0, 1.0, 1.0, 1.0, 1.0, 1.0, 1.0, 1.0, 1.0, 1.0, 1.0, 1.0, 1.0, 1.0, 1.0, 1.0, 1.0, 1.0, 1.0, 1.0, 1.0, 1.0, 1.0, 1.0, 1.0, 1.0, 1.0, 1.0, 1.0, 1.0, 1.0, 1.0, 1.0, 1.0, 1.0, 1.0, 1.0, 1.0, 1.0, 1.0, 1.0, 1.0, 1.0, 1.0, 1.0, 1.0, 1.0, 1.0, 1.0, 1.0, 1.0, 1.0, 1.0, 1.0, 1.0, 1.0, 1.0, 1.0, 1.0, 1.0, 1.0, 1.0, 1.0, 1.0, 1.0, 1.0, 1.0, 1.0, 1.0, 1.0, 1.0, 1.0, 1.0, 1.0, 1.0, 1.0, 1.0, 1.0, 1.0, 1.0, 1.0, 1.0, 1.0, 1.0, 1.0, 1.0, 1.0, 1.0, 1.0, 1.0, 1.0, 1.0, 1.0, 1.0, 1.0, 1.0, 1.0, 1.0, 1.0, 1.0, 1.0, 1.0, 1.0, 1.0, 1.0, 1.0, 1.0, 1.0, 1.0, 1.0, 1.0, 1.0, 1.0, 1.0, 1.0, 1.0, 1.0, 1.0, 1.0, 1.0, 1.0, 1.0, 1.0, 1.0, 1.0, 1.0, 1.0, 1.0, 1.0, 1.0, 1.0, 1.0, 1.0, 1.0, 1.0, 1.0, 1.0, 1.0, 1.0, 1.0, 1.0, 1.0, 1.0, 1.0, 1.0, 1.0, 1.0, 1.0, 1.0, 1.0, 1.0, 1.0, 1.0, 1.0, 1.0, 1.0, 1.0, 1.0, 1.0, 1.0, 1.0, 1.0, 1.0, 1.0, 1.0, 1.0, 1.0, 1.0, 1.0, 1.0, 1.0, 1.0, 1.0, 1.0, 1.0, 1.0, 1.0, 1.0, 1.0, 1.0, 1.0, 1.0, 1.0, 1.0, 1.0, 1.0, 1.0, 1.0, 1.0, 1.0, 1.0, 1.0, 1.0, 1.0, 1.0, 1.0, 1.0, 1.0, 1.0, 1.0, 1.0, 1.0, 1.0, 1.0, 1.0, 1.0, 1.0, 1.0, 1.0, 1.0, 1.0, 1.0, 1.0, 1.0, 1.0, 1.0, 1.0, 1.0, 1.0, 1.0, 1.0, 1.0, 1.0, 1.0, 1.0, 1.0, 1.0, 1.0, 1.0, 1.0, 1.0, 1.0, 1.0, 1.0, 1.0, 1.0, 1.0, 1.0, 1.0, 1.0, 1.0, 1.0, 1.0, 1.0, 1.0, 1.0, 1.0, 1.0, 1.0, 1.0, 1.0, 1.0, 1.0, 1.0, 1.0, 1.0, 1.0, 1.0, 1.0, 1.0, 1.0, 1.0, 1.0, 1.0, 1.0, 1.0, 1.0, 1.0, 1.0, 1.0, 1.0, 1.0, 1.0, 1.0, 1.0, 1.0, 1.0, 1.0, 1.0, 1.0, 1.0, 1.0, 1.0, 1.0, 1.0, 1.0, 1.0, 1.0, 1.0, 1.0, 1.0, 1.0, 1.0, 1.0, 1.0, 1.0, 1.0, 1.0, 1.0, 1.0, 1.0, 1.0, 1.0, 1.0, 1.0, 1.0, 1.0, 1.0, 1.0, 1.0, 1.0, 1.0, 1.0, 1.0, 1.0, 1.0, 1.0, 1.0, 1.0, 1.0, 1.0, 1.0, 1.0, 1.0, 1.0, 1.0, 1.0, 1.0, 1.0, 1.0, 1.0, 1.0, 1.0, 1.0, 1.0, 1.0, 1.0, 1.0, 1.0, 1.0, 1.0, 1.0, 1.0, 1.0, 1.0, 1.0, 1.0, 1.0, 1.0, 1.0, 1.0, 1.0, 1.0, 1.0, 1.0, 1.0, 1.0, 1.0, 1.0, 1.0, 1.0, 1.0, 1.0, 1.0, 1.0, 1.0, 1.0, 1.0, 1.0, 1.0, 1.0, 1.0, 1.0, 1.0, 1.0, 1.0, 1.0, 1.0, 1.0, 1.0, 1.0, 1.0, 1.0, 1.0, 1.0, 1.0, 1.0, 1.0, 1.0, 1.0, 1.0, 1.0, 1.0, 1.0, 1.0, 1.0, 1.0, 1.0, 1.0, 1.0, 1.0, 1.0, 1.0, 1.0, 1.0, 1.0, 1.0, 1.0, 1.0, 1.0, 1.0, 1.0, 1.0, 1.0, 1.0, 1.0, 1.0, 1.0, 1.0, 1.0, 1.0, 1.0, 1.0, 1.0, 1.0, 1.0, 1.0, 1.0, 1.0, 1.0, 1.0, 1.0, 1.0, 1.0, 1.0, 1.0, 1.0, 1.0, 1.0, 1.0, 1.0, 1.0, 1.0, 1.0, 1.0, 1.0, 1.0, 1.0, 1.0, 1.0, 1.0, 1.0, 1.0, 1.0, 1.0, 1.0, 1.0, 1.0, 1.0, 1.0, 1.0, 1.0, 1.0, 1.0, 1.0, 1.0, 1.0, 1.0, 1.0, 1.0, 1.0, 1.0, 1.0, 1.0, 1.0, 1.0, 1.0, 1.0, 1.0, 1.0, 1.0, 1.0, 1.0, 1.0, 1.0, 1.0, 1.0, 1.0, 1.0, 1.0, 1.0, 1.0, 1.0, 1.0, 1.0, 1.0, 1.0, 1.0, 1.0, 1.0, 1.0, 1.0, 1.0, 1.0, 1.0, 1.0, 1.0, 1.0, 1.0, 1.0, 1.0, 1.0, 1.0, 1.0, 1.0, 1.0, 1.0, 1.0, 1.0, 1.0, 1.0, 1.0, 1.0, 1.0, 1.0, 1.0, 1.0, 1.0, 1.0, 1.0, 1.0, 1.0, 1.0, 1.0, 1.0, 1.0, 1.0, 1.0, 1.0, 1.0, 1.0, 1.0, 1.0, 1.0, 1.0, 1.0, 1.0, 1.0, 1.0, 1.0, 1.0, 1.0, 1.0, 1.0, 1.0, 1.0, 1.0, 1.0, 1.0, 1.0, 1.0, 1.0, 1.0, 1.0, 1.0, 1.0, 1.0, 1.0, 1.0, 1.0, 1.0, 1.0, 1.0, 1.0, 1.0, 1.0, 1.0, 1.0, 1.0, 1.0, 1.0, 1.0, 1.0, 1.0, 1.0, 1.0, 1.0, 1.0, 1.0, 1.0, 1.0, 1.0, 1.0, 1.0, 1.0, 1.0, 1.0, 1.0, 1.0, 1.0, 1.0, 1.0, 1.0, 1.0, 1.0, 1.0, 1.0, 1.0, 1.0, 1.0, 1.0, 1.0, 1.0, 1.0, 1.0, 1.0, 1.0, 1.0, 1.0, 1.0, 1.0, 1.0, 1.0, 1.0, 1.0, 1.0, 1.0, 1.0, 1.0, 1.0, 1.0, 1.0, 1.0, 1.0, 1.0, 1.0, 1.0, 1.0, 1.0, 1.0, 1.0, 1.0, 1.0, 1.0, 1.0, 1.0, 1.0, 1.0, 1.0, 1.0, 1.0, 1.0, 1.0, 1.0, 1.0, 1.0, 1.0, 1.0, 1.0, 1.0, 1.0, 1.0, 1.0, 1.0, 1.0, 1.0, 1.0, 1.0, 1.0, 1.0, 1.0, 1.0, 1.0, 1.0, 1.0, 1.0, 1.0, 1.0, 1.0, 1.0, 1.0, 1.0, 1.0, 1.0, 1.0, 1.0, 1.0, 1.0, 1.0, 1.0, 1.0, 1.0, 1.0, 1.0, 1.0, 1.0, 1.0, 1.0, 1.0, 1.0, 1.0, 1.0, 1.0, 1.0, 1.0, 1.0, 1.0, 1.0, 1.0, 1.0, 1.0, 1.0, 1.0, 1.0, 1.0, 1.0, 1.0, 1.0, 1.0, 1.0, 1.0, 1.0, 1.0, 1.0, 1.0, 1.0, 1.0, 1.0, 1.0, 1.0, 1.0, 1.0, 1.0, 1.0, 1.0, 1.0, 1.0, 1.0, 1.0, 1.0, 1.0, 1.0, 1.0, 1.0, 1.0, 1.0, 1.0, 1.0, 1.0, 1.0, 1.0, 1.0, 1.0, 1.0, 1.0, 1.0, 1.0, 1.0, 1.0, 1.0, 1.0, 1.0, 1.0, 1.0, 1.0, 1.0, 1.0, 1.0, 1.0, 1.0, 1.0, 1.0, 1.0, 1.0, 1.0, 1.0, 1.0, 1.0, 1.0, 1.0, 1.0, 1.0, 1.0, 1.0, 1.0, 1.0, 1.0, 1.0, 1.0, 1.0, 1.0, 1.0, 1.0, 1.0, 1.0, 1.0, 1.0, 1.0, 1.0, 1.0, 1.0, 1.0, 1.0, 1.0, 1.0, 1.0, 1.0, 1.0, 1.0, 1.0, 1.0, 1.0, 1.0, 1.0, 1.0, 1.0, 1.0, 1.0, 1.0, 1.0, 1.0, 1.0, 1.0, 1.0, 1.0, 1.0, 1.0, 1.0, 1.0, 1.0, 1.0, 1.0, 1.0, 1.0, 1.0, 1.0, 1.0, 1.0, 1.0, 1.0, 1.0, 1.0, 1.0, 1.0, 1.0, 1.0, 1.0, 1.0, 1.0, 1.0, 1.0, 1.0, 1.0, 1.0, 1.0, 1.0, 1.0, 1.0, 1.0, 1.0, 1.0, 1.0, 1.0, 1.0, 1.0, 1.0, 1.0, 1.0, 1.0, 1.0, 1.0, 1.0, 1.0, 1.0, 1.0, 1.0, 1.0, 1.0, 1.0, 1.0, 1.0, 1.0, 1.0, 1.0, 1.0, 1.0, 1.0, 1.0, 1.0, 1.0, 1.0, 1.0, 1.0, 1.0, 1.0, 1.0, 1.0, 1.0, 1.0, 1.0, 1.0, 1.0, 1.0, 1.0, 1.0, 1.0, 1.0, 1.0, 1.0, 1.0, 1.0, 1.0, 1.0, 1.0, 1.0, 1.0, 1.0, 1.0, 1.0, 1.0, 1.0, 1.0, 1.0, 1.0, 1.0, 1.0, 1.0, 1.0, 1.0, 1.0, 1.0, 1.0, 1.0, 1.0, 1.0, 1.0, 1.0, 1.0, 1.0, 1.0, 1.0, 1.0, 1.0, 1.0, 1.0, 1.0, 1.0, 1.0, 1.0, 1.0, 1.0, 1.0, 1.0, 1.0, 1.0, 1.0, 1.0, 1.0, 1.0, 1.0, 1.0, 1.0, 1.0, 1.0, 1.0, 1.0, 1.0, 1.0, 1.0, 1.0, 1.0, 1.0, 1.0, 1.0, 1.0, 1.0, 1.0, 1.0, 1.0, 1.0, 1.0, 1.0, 1.0, 1.0, 1.0, 1.0, 1.0, 1.0, 1.0, 1.0, 1.0, 1.0, 1.0, 1.0, 1.0, 1.0, 1.0, 1.0, 1.0, 1.0, 1.0, 1.0, 1.0, 1.0, 1.0, 1.0, 1.0, 1.0, 1.3631436314363143, 1.0, 1.0, 1.0, 1.0, 1.0, 1.0, 1.0, 1.0, 1.0, 1.0, 1.0, 1.0, 1.0, 1.4005524861878453, 1.553125, 1.0, 1.0, 1.0, 1.0, 1.0, 1.0, 1.0, 1.0, 1.0, 1.0, 1.0, 1.0, 1.0, 1.0, 1.0, 1.0, 1.0, 1.0, 1.0, 1.0, 1.0, 1.0, 1.0, 1.0, 1.0, 1.0, 1.0, 1.0, 1.0, 1.0, 1.0, 1.0, 1.0, 1.0, 1.0, 1.0, 1.0, 1.0, 1.0, 1.0, 1.0, 1.0, 1.0, 1.0, 1.0, 1.0, 1.0, 1.0, 1.0, 1.0, 1.0, 1.0, 1.0, 1.0, 1.0, 1.0, 0.8987341772151899, 0.91, 0.9259259259259259, 0.8644688644688645, 1.0327868852459017, 1.1408450704225352, 0.9509803921568627, 0.8380165289256198, 0.855457227138643, 0.9797101449275363, 1.0660377358490567, 1.5909090909090908, 1.0, 1.1627906976744187, 0.9271356783919598, 0.9092307692307692, 0.8819095477386935, 0.9045092838196287, 0.7868589743589743, 0.8770949720670391, 0.8945147679324894, 0.8371335504885994, 0.8506493506493507, 0.8968609865470852, 0.8695652173913043, 1.0, 1.0108108108108107, 0.9710144927536232, 0.8558823529411764, 1.4893617021276595, 0.8983050847457628, 0.9288888888888889, 0.9237536656891495, 0.8033707865168539, 0.9084967320261438, 0.8316831683168316, 0.91, 1.0, 0.9827586206896551, 0.7780548628428927, 0.7281553398058253, 0.8167330677290837, 0.8192771084337349, 1.0669642857142858, 0.9444444444444444, 0.847953216374269, 0.9265822784810127, 1.0531645569620254, 1.0, 1.0151515151515151, 0.9341772151898734, 0.9346049046321526, 1.0, 0.7964376590330788, 1.0, 0.9295774647887324, 1.0, 1.0, 0.9291139240506329, 1.0378787878787878, 1.0833333333333333, 0.8888888888888888, 1.469248291571754, 1.0, 0.9353448275862069, 1.0477707006369428, 1.0, 1.0362903225806452, 0.8408163265306122, 1.1275760549558391, 1.046376811594203, 1.0, 1.0, 1.0, 0.8632911392405064, 0.9166666666666666, 0.8632911392405064, 0.8374233128834356, 0.9637096774193549, 0.8163841807909604, 0.9050445103857567, 0.7414634146341463, 0.8559670781893004, 0.9692982456140351, 0.7936507936507936, 1.0560747663551402, 0.847457627118644, 1.1226415094339623, 1.0, 0.8907563025210085, 0.9772727272727273, 0.8007968127490039, 1.0, 0.8945147679324894, 1.0, 1.0, 1.0, 1.0, 1.0228310502283104, 0.8968609865470852, 0.851063829787234, 0.8672199170124482, 0.8828451882845189, 0.9188034188034188, 1.0, 1.0, 0.8987341772151899, 0.9907407407407407, 0.8007968127490039, 1.0, 1.0, 1.0, 1.0, 1.0, 1.0, 1.0, 1.0, 0.9106382978723404, 1.0, 1.0, 1.0, 1.0, 1.0, 1.0, 1.0, 1.0, 1.0, 1.0, 0.875, 1.0, 1.0, 1.0, 1.0, 1.0, 1.0, 1.0, 1.0, 1.0, 1.0, 1.0, 1.0, 1.0, 1.0, 1.0, 1.0, 1.0, 1.0, 1.0, 1.0, 1.0, 1.0, 1.0, 1.0, 1.0, 1.0, 1.0, 1.0, 1.0, 1.0, 1.0, 1.0, 1.0, 1.0, 1.0, 1.0, 1.0, 1.0, 1.0, 1.0, 1.0, 1.0, 0.902542372881356, 1.0, 1.0, 1.0, 1.0, 1.0, 1.0, 1.0, 1.0, 1.0, 1.0, 1.037037037037037, 0.748730964467005, 0.9543568464730291, 0.9358974358974359, 0.905829596412556, 1.0269058295964126, 0.8273092369477911, 1.0076045627376427, 1.047438330170778, 0.91, 0.8418079096045198, 1.0, 1.0, 1.0, 1.0, 1.0, 1.0, 1.0, 1.0, 1.0, 1.0, 1.0, 1.0, 1.0, 1.0, 1.0, 1.0, 1.0, 1.0, 1.0, 1.0, 1.0, 1.0, 1.0, 1.0, 1.0, 1.0, 1.0, 1.0, 1.0, 1.0, 1.0, 1.0, 1.0, 1.0, 1.0, 1.0, 1.0, 1.0, 1.0, 1.0, 1.0, 1.0, 1.0, 1.0, 1.0, 1.0, 1.0, 1.0, 1.0, 1.0, 1.0, 1.0, 1.0, 1.0, 1.0, 1.0, 1.0, 1.0, 1.0, 1.0, 1.0, 1.0, 1.0, 1.0, 1.0, 1.0, 1.0, 1.0, 1.0, 1.0, 1.0, 1.0, 1.0, 1.0, 1.0, 1.0, 1.0, 1.0, 1.0, 1.0, 1.0, 1.0, 1.0, 1.0, 1.0, 1.0, 1.0, 1.0, 1.0, 1.0, 1.0, 1.0, 1.0, 1.0, 1.0, 1.0, 1.0, 1.0, 1.0, 1.0, 1.0, 1.0, 1.0, 1.0, 1.0, 1.0, 1.0, 1.0, 1.0, 1.0, 1.0, 1.0, 1.0, 1.0, 1.0, 1.0, 1.0, 1.0, 1.0, 1.0, 1.0, 1.0, 1.0, 1.0, 1.0, 1.0, 1.0, 1.0, 1.0, 1.0, 1.0, 1.0, 1.0, 1.0, 1.0, 1.0, 1.0, 1.0, 1.0, 1.0, 1.0, 1.0, 1.0, 1.0, 1.0, 1.0, 1.0, 1.0, 1.0, 1.0, 1.0, 1.0, 1.0, 1.0, 1.0, 1.0, 1.0, 1.4911764705882353, 1.0, 1.0, 1.0, 1.0, 1.0, 1.0, 1.0, 1.0, 1.0, 1.0, 1.0, 1.0, 1.0, 1.0, 1.0, 1.0, 1.0, 1.0, 1.0, 1.0, 1.0, 1.0, 1.0, 1.0, 1.0, 1.0, 1.0, 1.0, 1.0, 1.0, 1.0, 1.0, 1.0, 1.0, 1.0, 1.0, 1.0, 1.0, 1.0, 1.0, 1.0, 1.0, 1.0, 1.0, 1.0, 1.0, 1.0, 1.0, 1.0, 1.0, 1.0, 1.0, 1.0, 1.0, 0.8256880733944955, 1.0, 0.8201754385964912, 1.0089686098654709, 0.8383561643835616, 0.8934828311142257, 0.9230769230769231, 1.0134529147982063, 0.8308157099697885, 0.8356545961002786, 1.0, 0.7857142857142857, 0.7815384615384615, 0.8217522658610272, 0.803125, 0.9087779690189329, 0.7922848664688428, 1.0, 1.0, 1.0, 1.0, 1.0, 1.0, 1.0, 1.0, 1.0, 1.0, 1.0, 1.0, 1.0, 1.0, 1.0, 1.0, 1.0, 1.0, 1.0, 1.0, 1.0, 1.0, 1.0, 1.0, 1.0, 1.0, 1.0, 1.0, 1.0, 1.0, 1.0, 1.0, 1.0, 1.0, 1.0, 1.0, 1.0, 1.0, 1.0, 1.0, 1.0, 1.0, 1.0, 1.0, 1.0, 1.0, 1.0, 1.0, 1.0, 1.0, 1.0, 1.0, 1.0, 1.0, 1.0, 1.0, 1.0, 1.0, 1.0, 1.0, 1.0, 1.0, 1.0, 1.0, 1.0, 1.0, 1.0, 1.0, 1.0, 1.0, 1.0, 1.0, 1.0, 1.0, 1.0, 1.0, 1.0, 1.0, 1.0, 1.0, 1.0, 1.0, 1.0, 1.0, 1.0, 1.0, 1.0, 1.0, 1.0, 1.0, 1.0, 1.0, 1.0, 1.0, 1.0, 1.0, 1.0, 1.0, 1.0, 1.0, 1.0, 1.0, 1.0, 1.0, 1.0, 1.0, 1.0, 1.0, 1.0, 1.0, 1.0, 1.0, 1.0, 1.0, 1.0, 1.0, 1.0, 1.0, 1.0, 1.0, 1.0, 1.0, 1.0, 1.0, 1.0, 1.0, 1.0, 1.0, 1.0, 1.0, 1.0, 1.0, 1.0, 1.0, 1.0, 1.0, 1.0, 1.0, 1.0, 1.0, 1.0, 1.0, 1.0, 1.0, 1.0, 1.0, 1.0, 1.0, 1.0, 1.0, 1.0, 1.0, 1.0, 1.0, 1.0, 1.0, 1.0, 1.0, 1.0, 1.0, 1.0, 1.0, 1.0, 1.0, 1.0, 1.0, 1.0, 1.0, 1.0, 1.0, 1.0, 1.0, 1.0, 1.0, 1.0, 1.0, 1.0, 1.0, 1.0, 1.0, 1.0, 1.0, 1.0, 1.0, 1.0, 1.0, 1.0, 1.0, 1.0, 1.0, 1.0, 1.0, 1.0, 1.0, 1.0, 1.0, 1.0, 1.0, 1.0, 1.0, 1.0, 1.0, 1.0, 1.0, 1.0, 1.0, 1.0, 1.0, 1.0, 1.0, 1.0, 1.0, 1.0, 1.0, 1.0, 1.0, 1.0, 1.0, 1.0, 1.0, 1.0, 1.0, 1.0, 1.0, 1.0, 1.0, 1.0, 1.0, 1.0, 1.0, 1.0, 1.0, 1.0, 1.0, 1.0, 1.0, 1.0, 1.0, 1.0, 1.0, 1.0, 1.0, 1.0, 1.0, 1.0, 1.0, 1.0, 1.0, 1.0, 1.0, 1.0, 1.0, 1.0, 1.0, 1.0, 1.0, 1.0, 1.0, 1.0, 1.0, 1.0, 1.0, 1.0, 1.0, 1.0, 1.0, 1.0, 1.0, 1.0, 1.0, 1.0, 1.0, 1.0, 1.0, 1.0, 1.0, 1.0, 1.0, 1.0, 1.0, 1.0, 1.0, 1.0, 1.0, 1.0, 1.0, 1.0, 1.0, 1.0, 1.0, 1.0, 1.0, 1.0, 1.0, 1.0, 1.0, 1.0, 1.0, 1.0, 1.0, 1.0, 1.0, 1.0, 1.0, 1.0, 1.0, 1.0, 1.0, 1.0, 1.0, 1.0, 1.0, 1.0, 1.0, 1.0, 1.0, 1.0, 1.0, 1.0, 1.0, 1.0, 1.0, 1.0, 1.0, 1.0, 1.0, 1.0, 1.0, 1.0, 1.0, 1.0, 1.0, 1.0, 1.0, 1.0, 1.0, 1.0, 1.0, 1.0, 1.0, 1.0, 1.0, 1.0, 1.0, 1.0, 1.0, 1.0, 1.0, 1.0, 1.0, 1.0, 1.0, 1.0, 1.0, 1.0, 1.0, 1.0, 1.0, 1.0, 1.0, 1.0, 1.0, 1.0, 1.0, 1.0, 1.0, 1.0, 1.0, 1.0, 1.0, 1.0, 1.0, 1.0, 1.0, 1.0, 1.0, 1.0, 1.0, 1.0, 1.0, 1.0, 1.0, 1.0, 1.0, 1.0, 1.0, 1.0, 1.0, 1.0, 1.0, 1.0, 1.0, 1.0, 1.0, 1.0, 1.0, 1.0, 1.0, 1.0, 1.0, 1.0, 1.0, 1.0, 1.0, 1.0, 1.0, 1.0, 1.0, 1.0, 1.0, 1.0, 1.0, 1.0, 1.0, 1.0, 1.0, 1.0, 1.0, 1.0, 1.0, 1.0, 1.0, 1.0, 1.0, 1.0, 1.0, 1.0, 1.0, 1.0, 1.0, 1.0, 1.0, 1.0, 1.0, 1.0, 1.0, 1.0, 1.0, 1.0, 1.0, 1.0, 1.0, 1.0, 1.0, 1.0, 1.0, 1.0, 1.0, 1.0, 1.0, 1.0, 1.0, 1.0, 1.0, 1.0, 1.0, 1.0, 1.0, 1.0, 1.0, 1.0, 1.0, 1.0, 1.0, 1.0, 1.0, 1.0, 1.0, 1.0, 1.0, 1.0, 1.0, 1.0, 1.0, 1.0, 1.0, 1.0, 1.0, 1.0, 1.0, 1.0, 1.0, 1.0, 1.0, 1.0, 1.0, 1.0, 1.0, 1.0, 1.0, 1.0, 1.0, 1.0, 1.0, 1.0, 1.0, 1.0, 1.0, 1.0, 1.0, 1.0, 1.0, 1.0, 1.0, 1.0, 1.0, 1.0, 1.0, 1.0, 1.0, 1.0, 1.0, 1.0, 1.0, 1.0, 1.0, 1.0, 1.0, 1.0, 1.0, 1.0, 1.0, 1.0, 1.0, 1.0, 1.0, 1.0, 1.0, 1.0, 1.0, 1.0, 1.0, 1.0, 1.0, 1.0, 1.0, 1.0, 1.0, 1.0, 1.0, 1.0, 1.0, 1.0, 1.0, 1.0, 1.0, 1.0, 1.0, 1.0, 1.0, 1.0, 1.0, 1.0, 1.0, 1.0, 1.0, 1.0, 1.0, 1.0, 1.0, 1.0, 1.0, 1.0, 1.0, 1.0, 1.0, 1.0, 1.0, 1.0, 1.0, 1.0, 1.0, 1.0, 1.0, 1.0, 1.0, 1.0, 1.0, 1.0, 1.0, 1.0, 1.0, 1.0, 1.0, 1.0, 1.0, 1.0, 1.0, 1.0, 1.0, 1.0, 1.0, 1.0, 1.0, 1.0, 1.0, 1.0, 1.0, 1.0, 1.0, 1.0, 1.0, 1.0, 1.0, 1.0, 1.0, 1.0, 1.0, 1.0, 1.0, 1.0, 1.0, 1.0, 1.0, 1.0, 1.0, 1.0, 1.0, 1.0, 1.0, 1.0, 1.0, 1.0, 1.0, 1.0, 1.0, 1.0, 1.0, 1.0, 1.0, 1.0, 1.0, 1.0, 1.0, 1.0, 1.0, 1.0, 1.0, 1.0, 1.0, 1.0, 1.0, 1.0, 1.0, 1.0, 1.0, 1.0, 1.0, 1.0, 1.0, 1.0, 1.0, 1.0, 1.0, 1.0, 1.0, 1.0, 1.0, 1.0, 1.0, 1.0, 1.0, 1.0, 1.0, 1.0, 1.0, 1.0, 1.0, 1.0, 1.0, 1.0, 1.0, 1.0, 1.0, 1.0, 1.0, 1.0, 1.0, 1.0, 1.0, 1.0, 1.0, 1.0, 1.0, 1.0, 1.0, 1.0, 1.0, 1.0, 1.0, 1.0, 1.0, 1.0, 1.0, 1.0, 1.0, 1.0, 1.0, 1.0, 1.0, 1.0, 1.0, 1.0, 1.0, 1.0, 1.0, 1.0, 1.0, 1.0, 1.0, 1.0, 1.0, 1.0, 1.0, 1.0, 1.0, 1.0, 1.0, 1.0, 1.0, 1.0, 1.0, 1.0, 1.0, 1.0, 1.0, 1.0, 1.0, 1.0, 1.0, 1.0, 1.0, 1.0, 1.0, 1.0, 1.0, 1.0, 1.0, 1.0, 1.0, 1.0, 1.0, 1.0, 1.0, 0.9869494290375204, 0.9493243243243243, 1.0, 1.0, 0.9049773755656109, 1.0377358490566038, 1.0, 1.2828282828282829, 1.0, 1.0, 1.0, 1.0, 1.0, 1.0, 1.0, 1.0, 0.751131221719457, 1.0, 0.8442622950819673, 1.2337349397590363, 1.0, 1.0, 1.0, 1.0, 1.0, 1.0, 1.0, 1.0, 0.9251968503937008, 0.8203592814371258, 0.7832167832167832, 0.9825, 0.7853982300884956, 1.0, 1.054054054054054, 1.0, 1.0, 0.799554565701559, 0.9402390438247012, 1.0, 1.0825688073394495, 0.8, 1.0, 0.8428571428571429, 1.0262008733624455, 1.0085836909871244, 1.0446428571428572, 1.0, 0.9711934156378601, 0.9076923076923077, 1.0, 1.0352422907488987, 1.0, 0.8232931726907631, 1.0, 1.0, 0.8740740740740741, 0.9003831417624522, 1.0, 1.0, 0.8983050847457628, 1.0, 0.9007633587786259, 1.0, 0.8636363636363636, 0.8636363636363636, 1.1544011544011543, 0.8137931034482758, 1.0657276995305165, 0.9874476987447699, 0.9859154929577465, 1.1095238095238096, 0.8007968127490039, 1.0442477876106195, 0.644808743169399, 0.9859154929577465, 1.1095238095238096, 0.8007968127490039, 0.8072289156626506, 0.644808743169399, 0.8259109311740891, 1.0925925925925926, 1.0, 1.0, 0.9711934156378601, 1.087962962962963, 0.944, 0.914396887159533, 1.0172413793103448, 0.8973384030418251, 0.9833333333333333, 0.7730263157894737, 1.0219298245614035, 1.0737704918032787, 0.9302325581395349, 0.8005148005148005, 1.4005602240896358, 1.0880398671096345, 0.87109375, 0.8251599147121536, 1.0, 0.857421875, 1.775, 1.7808764940239044, 1.0, 1.0, 1.0, 1.0, 1.0, 1.0, 0.8353909465020576, 1.0352422907488987, 1.0805084745762712, 1.0688073394495412, 1.0, 0.6610644257703081, 1.0, 1.0, 0.8773234200743495, 0.9523809523809523, 1.0, 1.0, 0.7866666666666666, 0.8773234200743495, 1.0740740740740742, 1.0582959641255605, 1.0, 1.0, 1.0, 0.6610644257703081, 1.0, 1.0727272727272728, 1.063063063063063, 1.0, 1.0, 1.0, 0.9508990318118948, 1.0, 0.804, 1.0321100917431192, 1.026378896882494, 1.026378896882494, 1.5, 0.8007968127490039, 1.073394495412844, 1.775, 0.8, 1.026378896882494, 0.8125, 1.0, 0.9437229437229437, 1.0316742081447965, 1.7152658662092624, 1.0, 0.9125364431486881, 0.9244444444444444, 1.0, 1.0, 0.8518518518518519, 0.9834905660377359, 0.859504132231405, 1.0700934579439252, 0.8125, 1.0691244239631337, 0.7936507936507936, 1.3333333333333333, 0.9579439252336449, 0.8007968127490039, 0.8842105263157894, 0.954954954954955, 1.037914691943128, 1.0866666666666667, 1.4268104776579353, 1.0, 1.0316742081447965, 1.0, 1.0, 1.0352422907488987, 1.0, 1.0880398671096345, 0.8007968127490039, 1.0, 1.2487437185929648, 1.0, 1.0, 1.0, 1.5, 1.4268104776579353, 0.8708133971291866, 0.9402390438247012, 0.7990970654627539, 0.9162621359223301, 1.7770833333333333, 1.0, 1.1560693641618498, 1.0, 1.7770833333333333, 1.0225225225225225, 1.7770833333333333, 1.0, 1.030701754385965, 0.9614243323442137, 0.84765625, 0.888015717092338, 0.9785575048732943, 0.8928571428571429, 0.8774703557312253, 1.0327868852459017, 0.9101796407185628, 0.8725099601593626, 0.9133064516129032, 1.073394495412844, 0.997872340425532, 0.8152709359605911, 0.8168674698795181, 1.0612903225806452, 0.9915865384615384, 0.9162621359223301, 0.8233333333333334, 0.8387096774193549, 0.8, 0.804, 1.0, 0.8664122137404581, 1.0, 0.8466257668711656, 1.0, 1.0, 0.7954545454545454, 1.0, 0.9928571428571429, 1.0, 0.9257075471698113, 0.9402390438247012, 1.0, 1.7152658662092624, 1.0, 0.9257075471698113, 1.0, 1.0, 0.8125, 1.0, 0.8507638072855465, 1.088695652173913, 0.7637540453074434, 0.827906976744186, 0.8140243902439024, 0.9145299145299145, 0.808, 0.8599221789883269, 1.7777777777777777, 1.2170542635658914, 1.7771084337349397, 0.8549618320610687, 1.0, 1.0, 1.2076923076923076, 0.925, 1.098814229249012, 1.0, 1.0, 0.859504132231405, 0.9747706422018348, 1.0, 1.0, 1.0, 1.0, 1.0, 0.9747706422018348, 0.8185483870967742, 0.93854033290653, 1.0, 0.9917355371900827, 0.8178571428571428, 1.0, 1.0041379310344827, 1.1409395973154361, 0.9402390438247012, 1.0691244239631337, 0.7482014388489209, 0.8, 0.7566666666666667, 0.9067796610169492, 0.7372013651877133, 1.778393351800554, 0.7152317880794702, 1.0, 0.9194139194139194, 0.8931623931623932, 1.0, 0.9333333333333333, 0.8905109489051095, 1.5, 0.8394160583941606, 1.0752136752136752, 0.8237704918032787, 1.0, 0.9556451612903226, 0.9136212624584718, 0.875, 1.0, 0.8283132530120482, 1.0, 1.0585774058577406, 1.0, 0.9787234042553191, 0.9253393665158371, 0.8367768595041323, 0.8902691511387164, 0.8367346938775511, 0.8507157464212679, 0.8064516129032258, 0.8391752577319588, 0.8662551440329218, 1.0, 0.8346774193548387, 0.8286290322580645, 0.8809523809523809, 0.8687258687258688, 0.9588477366255144, 1.0, 0.92, 1.0, 0.9007633587786259, 0.823045267489712, 1.04, 0.9182879377431906, 0.9585253456221198, 1.04, 0.9076923076923077, 1.0, 1.0, 1.0, 1.0216450216450217, 0.9007633587786259, 0.8940677966101694, 0.8137931034482758, 1.0262008733624455, 1.0350877192982457, 1.073394495412844, 1.0309734513274336, 0.8974358974358975, 0.8, 0.8973384030418251, 0.9711934156378601, 0.9076923076923077, 1.0, 0.8, 1.0, 1.0, 1.0, 0.9316239316239316, 0.8805970149253731, 0.7571428571428571, 0.7866666666666666, 0.7492063492063492, 0.9365079365079365, 1.0, 1.0, 1.0, 0.9182879377431906, 1.1201923076923077, 0.8644688644688645, 0.8773234200743495, 0.6610644257703081, 1.0678733031674208, 0.8773234200743495, 0.6610644257703081, 1.0727272727272728, 1.0, 1.0044843049327354, 0.9076923076923077, 1.0, 0.914396887159533, 0.944, 1.0, 1.0, 1.1625615763546797, 1.0693069306930694, 1.0, 1.0352422907488987, 0.8483754512635379, 1.0446428571428572, 1.1741293532338308, 1.0, 1.0495495495495495, 0.8027210884353742, 0.9631147540983607, 1.0610328638497653, 1.044776119402985, 0.8901515151515151, 1.0930232558139534, 1.0216450216450217, 1.0, 0.859504132231405, 0.997737556561086, 0.7510548523206751, 1.0, 1.0225225225225225, 1.026378896882494, 1.0691244239631337, 0.8606965174129353, 1.0, 1.0, 0.8984771573604061, 1.0316742081447965, 1.0, 0.7936507936507936, 0.8518518518518519, 1.0, 1.0981308411214954, 0.7936507936507936, 0.8007968127490039, 1.0, 0.9188034188034188, 1.107981220657277, 1.107981220657277, 0.7575757575757576, 1.0, 1.0, 0.9437229437229437, 1.7857142857142858, 0.7169811320754716, 0.7575757575757576, 1.0, 0.8007968127490039, 0.8007968127490039, 0.8606965174129353, 0.8156028368794326, 0.804, 0.7626459143968871, 1.0, 1.0, 0.9188034188034188, 1.0, 0.9067796610169492, 0.9333333333333333, 1.5, 0.9049773755656109, 0.859504132231405, 1.0, 0.8283132530120482, 1.0, 0.9825, 1.0, 1.054054054054054, 0.7936507936507936, 1.0, 0.804, 1.0, 1.0, 1.026378896882494, 0.8606965174129353, 1.0, 1.7857142857142858, 0.7575757575757576, 1.0, 1.0, 1.026378896882494, 0.8007968127490039, 0.7575757575757576, 1.0, 0.8907563025210085, 0.8905852417302799, 0.804, 1.0, 1.778393351800554, 1.0316742081447965, 0.8442622950819673, 0.8283132530120482, 1.0, 0.973568281938326, 0.799554565701559, 1.7857142857142858, 1.0, 1.0, 0.7169811320754716, 1.0225225225225225, 1.0, 1.7857142857142858, 1.0, 1.0, 0.9437229437229437, 1.0, 1.0, 1.0, 0.8606965174129353, 1.026378896882494, 0.8466257668711656, 0.804, 1.0, 1.0691244239631337, 1.0, 0.749034749034749, 0.9333333333333333, 1.5, 0.8442622950819673, 0.8283132530120482, 1.0, 1.0, 1.7857142857142858, 1.0, 1.054054054054054, 0.799554565701559, 0.804, 0.7575757575757576, 0.7626459143968871, 0.997737556561086, 1.0, 1.778393351800554, 0.9333333333333333, 0.8442622950819673, 1.0, 1.026378896882494, 0.7169811320754716, 0.8984771573604061, 1.0691244239631337, 1.0, 1.0, 0.859504132231405, 1.0, 0.8007968127490039, 0.7936507936507936, 0.9437229437229437, 0.8007968127490039, 0.859504132231405, 0.7936507936507936, 1.0, 0.9067796610169492, 0.8606965174129353, 0.7575757575757576, 1.0316742081447965, 1.0, 1.7857142857142858, 1.026378896882494, 0.997737556561086, 0.7510548523206751, 1.0, 1.0, 1.026378896882494, 0.8606965174129353, 0.8606965174129353, 1.5027322404371584, 1.0316742081447965, 0.749034749034749, 1.0, 0.8518518518518519, 1.7857142857142858, 0.7936507936507936, 0.9437229437229437, 0.9188034188034188, 1.0, 1.0, 1.107981220657277, 1.5027322404371584, 1.0316742081447965, 1.0, 1.0, 1.7857142857142858, 0.997737556561086, 1.0, 1.0316742081447965, 1.026378896882494, 0.8606965174129353, 0.8664122137404581, 0.804, 1.0, 1.0, 1.0, 0.9067796610169492, 1.0, 0.9333333333333333, 0.7575757575757576, 1.0, 0.749034749034749, 0.8283132530120482, 0.9970588235294118, 0.9825, 0.973568281938326, 1.0, 1.0, 1.0, 0.8907563025210085, 0.8156028368794326, 0.8664122137404581, 0.8466257668711656, 1.0, 0.8518518518518519, 1.0225225225225225, 1.0, 0.9067796610169492, 1.0, 0.9333333333333333, 0.9049773755656109, 0.859504132231405, 1.0, 1.0, 1.0, 0.804, 0.7626459143968871, 1.0, 1.0981308411214954, 1.0, 0.9067796610169492, 1.0, 0.9333333333333333, 0.9049773755656109, 0.8442622950819673, 1.0691244239631337, 1.0, 0.9970588235294118, 0.8907563025210085, 1.0, 1.054054054054054, 1.0, 0.9437229437229437, 1.0, 0.9437229437229437, 1.0, 1.0, 1.0, 1.0, 0.8007968127490039, 1.026378896882494, 0.8007968127490039, 0.8442622950819673, 0.7936507936507936, 0.9188034188034188, 0.9188034188034188, 0.7575757575757576, 1.0, 1.026378896882494, 0.8007968127490039, 0.8156028368794326, 0.8664122137404581, 0.7936507936507936, 0.804, 1.0, 0.9067796610169492, 1.0, 0.8442622950819673, 0.8518518518518519, 1.0, 0.8283132530120482, 1.054054054054054, 0.799554565701559, 0.7936507936507936, 0.9188034188034188, 1.0, 0.7575757575757576, 1.0, 1.0, 1.0, 1.0, 1.107981220657277, 1.0, 1.0, 0.8007968127490039, 1.7857142857142858, 0.7936507936507936, 0.9437229437229437, 0.7575757575757576, 1.778393351800554, 1.026378896882494, 1.0, 1.107981220657277, 1.0316742081447965, 1.0, 1.0, 1.0, 1.026378896882494, 0.8007968127490039, 0.8606965174129353, 0.804, 1.0, 1.0, 1.0316742081447965, 1.0, 1.0, 0.9333333333333333, 1.0, 1.0, 1.0, 1.054054054054054, 0.804, 0.7575757575757576, 0.7626459143968871, 1.0, 0.8, 1.0, 0.9049773755656109, 1.7857142857142858, 1.0225225225225225, 1.0316742081447965, 0.8518518518518519, 0.997737556561086, 0.859504132231405, 1.0981308411214954, 0.9437229437229437, 0.8007968127490039, 0.9188034188034188, 1.107981220657277, 0.7169811320754716, 1.0, 1.0, 0.7510548523206751, 1.0, 0.8007968127490039, 1.0, 1.0, 1.026378896882494, 1.7857142857142858, 1.0316742081447965, 0.749034749034749, 1.0, 0.859504132231405, 1.0981308411214954, 1.0691244239631337, 0.7936507936507936, 0.7936507936507936, 0.7575757575757576, 0.8442622950819673, 1.0, 1.0, 1.7857142857142858, 0.997737556561086, 1.0, 1.0225225225225225, 0.8007968127490039, 1.0, 0.799554565701559, 1.026378896882494, 0.8606965174129353, 0.8156028368794326, 0.8664122137404581, 0.8466257668711656, 0.7626459143968871, 1.0, 1.0, 1.0981308411214954, 1.0691244239631337, 1.5, 1.0, 0.9067796610169492, 1.0, 0.9333333333333333, 0.9049773755656109, 0.8442622950819673, 1.0, 0.8283132530120482, 1.0, 1.0691244239631337, 0.8442622950819673, 1.0, 0.9970588235294118, 0.9825, 0.973568281938326, 1.0, 1.054054054054054, 0.799554565701559, 0.7936507936507936, 0.9437229437229437, 0.7575757575757576, 1.0, 0.7936507936507936, 0.804, 1.0, 1.7857142857142858, 1.0, 1.0, 1.0, 0.8606965174129353, 1.0316742081447965, 1.0, 0.8283132530120482, 0.7936507936507936, 0.9437229437229437, 0.9437229437229437, 0.9188034188034188, 0.7575757575757576, 1.0, 1.0, 1.0, 1.026378896882494, 0.8606965174129353, 1.0, 0.7575757575757576, 0.8156028368794326, 0.8664122137404581, 0.8007968127490039, 1.0, 1.0, 1.0691244239631337, 1.0, 0.9333333333333333, 0.9049773755656109, 0.8442622950819673, 0.9825, 1.0, 0.8283132530120482, 1.0, 0.9188034188034188, 1.0, 0.9970588235294118, 0.9825, 0.973568281938326, 1.0, 0.799554565701559, 0.973568281938326, 1.7857142857142858, 1.0, 0.7575757575757576, 1.0, 0.8007968127490039, 1.0, 1.7857142857142858, 1.0, 1.0, 0.8007968127490039, 1.0, 0.8606965174129353, 1.7857142857142858, 1.0316742081447965, 0.9437229437229437, 0.9188034188034188, 1.107981220657277, 1.0, 0.7575757575757576, 1.0, 1.0, 1.054054054054054, 1.7857142857142858, 1.0, 1.0, 1.026378896882494, 0.8606965174129353, 0.8156028368794326, 1.0, 1.107981220657277, 1.0691244239631337, 0.9067796610169492, 0.799554565701559, 1.0, 1.778393351800554, 0.9333333333333333, 0.8442622950819673, 0.8283132530120482, 1.0, 1.0, 0.9970588235294118, 0.7575757575757576, 0.9825, 1.0, 0.973568281938326, 1.0, 1.054054054054054, 0.8156028368794326, 0.8664122137404581, 0.804, 1.0691244239631337, 1.0, 1.0, 1.0, 0.8156028368794326, 1.778393351800554, 0.9333333333333333, 0.9049773755656109, 1.7857142857142858, 1.0316742081447965, 0.749034749034749, 1.0, 0.8518518518518519, 0.859504132231405, 1.0981308411214954, 0.8387096774193549, 1.0316742081447965, 1.0691244239631337, 0.7936507936507936, 0.9437229437229437, 0.8007968127490039, 0.9188034188034188, 0.7936507936507936, 1.107981220657277, 0.7575757575757576, 1.0, 0.8664122137404581, 1.0, 1.0, 1.0, 1.7857142857142858, 0.997737556561086, 0.7510548523206751, 0.7169811320754716, 1.0, 1.0225225225225225, 1.026378896882494, 0.8466257668711656, 1.0, 0.8007968127490039, 0.8606965174129353, 1.0, 1.7857142857142858, 1.5027322404371584, 1.0316742081447965, 1.0, 0.749034749034749, 1.0, 0.8518518518518519, 0.804, 0.859504132231405, 1.0981308411214954, 1.0691244239631337, 1.0, 0.7936507936507936, 0.9437229437229437, 0.8007968127490039, 0.9188034188034188, 0.7936507936507936, 1.0, 1.0, 1.107981220657277, 0.7575757575757576, 1.0, 1.0316742081447965, 1.7857142857142858, 1.0, 1.0, 1.7857142857142858, 0.997737556561086, 0.7169811320754716, 1.0, 1.0, 1.0225225225225225, 1.0, 1.026378896882494, 0.8606965174129353, 1.0, 0.997737556561086, 0.8387096774193549, 0.8664122137404581, 1.0, 1.0691244239631337, 1.0691244239631337, 1.0, 0.9067796610169492, 1.0, 0.9333333333333333, 0.8442622950819673, 0.8283132530120482, 0.7510548523206751, 1.0, 1.0, 1.0, 0.9825, 0.973568281938326, 1.0, 1.054054054054054, 0.799554565701559, 0.7575757575757576, 1.0, 0.8708133971291866, 1.0, 0.8, 0.8, 0.92, 1.0262008733624455, 1.0, 0.9316239316239316, 1.04, 1.04, 0.859504132231405, 1.0, 1.0, 1.0, 0.8442622950819673, 0.9182879377431906, 1.0216450216450217, 0.8644688644688645, 0.7990970654627539, 1.0262008733624455, 1.0, 0.804, 1.0, 0.8973384030418251, 0.859504132231405, 1.0, 1.0225225225225225, 1.0446428571428572, 1.0260586319218241, 1.0, 0.8907563025210085, 0.8156028368794326, 0.9493243243243243, 0.8664122137404581, 1.0, 0.7626459143968871, 0.9067796610169492, 1.0, 1.026378896882494, 0.8, 0.9067796610169492, 1.0, 1.778393351800554, 1.7777777777777777, 0.8442622950819673, 0.9136212624584718, 1.0225225225225225, 1.0, 1.054054054054054, 0.8283132530120482, 1.0041379310344827, 0.8007968127490039, 0.9253393665158371, 1.0, 1.0, 0.8789571694599627, 0.9970588235294118, 0.9825, 0.973568281938326, 1.778393351800554, 1.0, 1.7857142857142858, 1.5027322404371584, 0.8606965174129353, 1.7857142857142858, 0.888015717092338, 0.8984771573604061, 1.0691244239631337, 1.0316742081447965, 1.0, 0.9333333333333333, 1.3350515463917525, 0.997737556561086, 0.7510548523206751, 0.7169811320754716, 1.0, 1.0981308411214954, 0.8232931726907631, 1.0, 1.0, 1.0, 1.5, 1.0225225225225225, 1.0, 1.026378896882494, 0.9049773755656109, 0.8007968127490039, 0.7575757575757576, 0.8152709359605911, 1.0691244239631337, 1.0377358490566038, 0.8606965174129353, 0.9049773755656109, 1.0, 1.0, 1.0, 1.0, 0.9869494290375204, 0.8168674698795181, 0.8442622950819673, 0.804, 0.751131221719457, 0.8442622950819673, 0.8442622950819673, 1.0, 1.0, 1.0, 1.0, 1.0, 0.9915865384615384, 0.8203592814371258, 0.7832167832167832, 0.8907563025210085, 0.9437229437229437, 1.0, 0.9825, 0.7853982300884956, 1.0, 1.054054054054054, 1.0, 0.799554565701559, 0.8233333333333334, 0.8137931034482758, 0.8007968127490039, 0.8905852417302799, 0.9136212624584718, 0.9076923076923077, 1.0, 1.0352422907488987, 1.0, 0.8353909465020576, 1.0352422907488987, 0.7866666666666666, 0.6610644257703081, 1.0, 0.9188034188034188, 1.7857142857142858, 0.8156028368794326, 1.0, 0.804, 0.8007968127490039, 0.9711934156378601, 0.8, 0.7936507936507936, 1.0, 0.9437229437229437, 1.0316742081447965, 0.8156028368794326, 0.9244444444444444, 0.8664122137404581, 1.0, 1.0, 1.0, 0.8518518518518519, 0.9834905660377359, 0.8125, 1.0691244239631337, 0.7936507936507936, 0.8387096774193549, 0.8606965174129353, 0.9579439252336449, 0.8007968127490039, 0.8466257668711656, 0.8842105263157894, 0.8664122137404581, 1.0, 0.8466257668711656, 0.954954954954955, 1.0, 1.0, 0.8664122137404581, 1.0, 1.0, 0.9257075471698113, 0.804, 1.0, 1.0, 0.8507638072855465, 1.088695652173913, 1.0352422907488987, 0.827906976744186, 1.0, 0.8140243902439024, 1.107981220657277, 1.0, 1.0825688073394495, 0.7626459143968871, 0.9747706422018348, 0.9917355371900827, 1.0, 1.0041379310344827, 1.0350877192982457, 0.804, 1.0691244239631337, 0.7482014388489209, 0.7575757575757576, 0.7566666666666667, 0.8983050847457628, 1.0, 0.9067796610169492, 0.8, 1.0, 0.9253393665158371, 1.0, 0.8064516129032258, 1.0, 1.0, 0.8346774193548387, 0.8286290322580645, 0.8809523809523809, 1.0691244239631337, 0.9003831417624522, 0.823045267489712, 1.0316742081447965, 1.0691244239631337, 1.0, 1.030701754385965, 1.0, 1.0, 1.073394495412844, 0.7637540453074434, 0.9007633587786259, 1.054054054054054, 1.0, 0.9067796610169492, 1.0, 1.0, 1.778393351800554, 1.5, 0.9049773755656109, 0.8442622950819673, 1.0, 1.0, 0.9970588235294118, 0.799554565701559, 0.9825, 1.0, 0.973568281938326, 1.054054054054054, 0.799554565701559, 1.7857142857142858, 0.7936507936507936, 0.9437229437229437, 1.0, 1.107981220657277, 0.7575757575757576, 1.0, 0.9067796610169492, 1.0, 1.0316742081447965, 1.0, 0.804, 1.0, 1.0, 1.0, 1.0225225225225225, 1.0, 1.026378896882494, 1.5027322404371584, 0.7575757575757576, 0.8007968127490039, 0.8606965174129353, 1.0316742081447965, 1.0, 0.9437229437229437, 0.9188034188034188, 1.0, 1.107981220657277, 0.7575757575757576, 1.5, 0.8664122137404581, 1.0, 1.0, 1.0316742081447965, 1.0, 1.0, 1.0225225225225225, 1.026378896882494, 0.8007968127490039, 0.8606965174129353, 0.8156028368794326, 0.9049773755656109, 0.8664122137404581, 0.8466257668711656, 1.0, 1.0, 0.804, 1.0, 1.0, 1.0691244239631337, 1.0, 0.9333333333333333, 0.8442622950819673, 1.5, 1.0, 0.8283132530120482, 1.0, 1.0, 0.9970588235294118, 0.9825, 0.973568281938326, 1.054054054054054, 0.799554565701559, 1.0, 1.7857142857142858, 1.0, 0.9188034188034188, 0.7575757575757576, 1.0, 1.0225225225225225, 1.0316742081447965, 1.0, 1.7857142857142858, 1.0, 1.0, 1.0, 1.0225225225225225, 1.026378896882494, 0.8007968127490039, 0.8606965174129353, 1.7857142857142858, 1.0, 1.5027322404371584, 1.0316742081447965, 0.7936507936507936, 0.9136212624584718, 0.9437229437229437, 0.9188034188034188, 1.107981220657277, 0.7575757575757576, 1.0, 1.0316742081447965, 1.0, 1.026378896882494, 1.0, 1.0, 1.0, 1.7857142857142858, 1.0, 1.0225225225225225, 1.0, 1.026378896882494, 0.8007968127490039, 0.8606965174129353, 0.8907563025210085, 0.7575757575757576, 0.8664122137404581, 1.7857142857142858, 0.804, 1.0, 1.0, 1.0691244239631337, 1.0, 0.9067796610169492, 1.0, 1.778393351800554, 0.9333333333333333, 1.0, 1.0316742081447965, 1.5, 0.9049773755656109, 0.8442622950819673, 1.0, 0.8283132530120482, 1.0, 1.0, 0.9970588235294118, 0.9825, 0.973568281938326, 1.0, 1.0225225225225225, 1.054054054054054, 0.799554565701559, 0.8664122137404581, 1.0, 1.0, 1.0, 0.9067796610169492, 1.0, 0.9333333333333333, 0.8984771573604061, 0.8466257668711656, 1.0, 0.8442622950819673, 1.0, 1.0691244239631337, 1.0316742081447965, 1.0, 1.0, 0.8518518518518519, 0.8518518518518519, 0.859504132231405, 1.0981308411214954, 1.0691244239631337, 0.7936507936507936, 0.8007968127490039, 0.9188034188034188, 1.0, 0.7936507936507936, 0.7936507936507936, 1.0, 1.0, 1.107981220657277, 0.7575757575757576, 1.0, 1.0, 0.9437229437229437, 1.0, 1.0, 0.997737556561086, 0.7510548523206751, 1.0, 1.0, 1.0, 1.0225225225225225, 0.9188034188034188, 0.8007968127490039, 0.8606965174129353, 1.7857142857142858, 0.8984771573604061, 0.8442622950819673, 1.0691244239631337, 1.0, 1.107981220657277, 0.749034749034749, 1.0, 0.859504132231405, 1.0981308411214954, 1.0691244239631337, 1.054054054054054, 0.9437229437229437, 0.8007968127490039, 0.7575757575757576, 1.0, 0.859504132231405, 0.7936507936507936, 1.107981220657277, 0.7575757575757576, 1.0, 1.0316742081447965, 1.0, 1.0, 1.0, 1.7857142857142858, 0.997737556561086, 0.7510548523206751, 1.0, 1.0, 0.8905852417302799, 1.0, 1.026378896882494, 0.8007968127490039, 0.8606965174129353, 0.8905852417302799, 0.8156028368794326, 0.8664122137404581, 0.7626459143968871, 1.0, 1.0, 1.0, 1.0, 0.9067796610169492, 1.0, 1.5, 0.8442622950819673, 1.0, 0.804, 0.804, 1.0, 0.8789571694599627, 0.9970588235294118, 0.973568281938326, 1.054054054054054, 0.799554565701559, 0.8905852417302799, 1.0691244239631337, 0.8156028368794326, 0.8664122137404581, 0.8466257668711656, 0.804, 0.7626459143968871, 1.0, 1.0691244239631337, 1.0, 0.997737556561086, 1.0, 1.778393351800554, 1.0, 1.5, 0.9049773755656109, 0.8442622950819673, 0.8907563025210085, 1.0, 0.8905852417302799, 0.8156028368794326, 0.8466257668711656, 1.0225225225225225, 0.8984771573604061, 0.7626459143968871, 1.0, 1.0691244239631337, 1.0, 0.9067796610169492, 1.0, 1.778393351800554, 1.5, 1.0691244239631337, 0.9049773755656109, 1.0, 1.0, 0.8283132530120482, 1.0, 0.9970588235294118, 0.9825, 0.973568281938326, 1.0316742081447965, 0.799554565701559, 1.7857142857142858, 1.0, 1.0, 1.0, 1.026378896882494, 0.8606965174129353, 0.7575757575757576, 1.0225225225225225, 1.0, 1.0, 1.0, 1.778393351800554, 0.8442622950819673, 0.9970588235294118, 1.054054054054054, 1.7857142857142858, 1.0, 0.749034749034749, 1.026378896882494, 1.0, 1.0316742081447965, 1.7857142857142858, 1.0, 1.0, 1.0225225225225225, 1.026378896882494, 0.8606965174129353, 1.0, 0.8606965174129353, 1.0, 0.7575757575757576, 1.0, 1.0, 1.0225225225225225, 1.0, 1.7857142857142858, 0.7626459143968871, 0.8518518518518519, 0.8007968127490039, 0.8606965174129353, 1.0, 1.778393351800554, 0.9333333333333333, 0.8283132530120482, 1.5027322404371584, 1.0, 1.0, 1.054054054054054, 0.799554565701559, 0.8907563025210085, 0.8466257668711656, 1.0, 1.0, 1.0316742081447965, 1.0, 0.8, 1.0981308411214954, 0.9067796610169492, 1.0, 1.778393351800554, 0.9049773755656109, 1.0691244239631337, 0.8442622950819673, 1.0, 1.7857142857142858, 1.0691244239631337, 0.8984771573604061, 1.0316742081447965, 1.0, 0.749034749034749, 1.0316742081447965, 0.8518518518518519, 0.859504132231405, 1.0981308411214954, 1.0, 0.7936507936507936, 0.7936507936507936, 0.8007968127490039, 1.0, 0.9188034188034188, 0.7936507936507936, 0.7575757575757576, 1.0, 1.0316742081447965, 0.9437229437229437, 1.0, 1.0, 0.749034749034749, 0.997737556561086, 1.0, 1.0, 1.0, 1.026378896882494, 0.8606965174129353, 1.0, 0.8442622950819673, 1.0, 1.0316742081447965, 1.0, 1.0, 0.9188034188034188, 0.8518518518518519, 1.0981308411214954, 1.0691244239631337, 0.8007968127490039, 0.9188034188034188, 1.0, 0.859504132231405, 1.0, 1.0, 0.7575757575757576, 1.0316742081447965, 1.0, 1.0, 1.0981308411214954, 1.0, 1.0, 1.0, 1.0, 1.0, 1.0, 1.0, 1.0, 1.0, 1.0, 1.0, 1.0, 1.0, 1.0, 1.0, 1.0, 1.0, 1.0, 1.0, 1.0, 1.0, 1.0, 1.0, 1.0, 1.0, 1.0, 1.0, 1.0, 1.0, 1.0, 1.0, 1.0058737151248165, 1.0, 1.0, 1.0, 1.0, 1.0, 0.9523809523809523, 0.7984496124031008, 1.0, 1.0, 1.087962962962963, 1.0444444444444445, 0.9571428571428572, 1.0, 1.214574898785425, 1.0, 1.0, 1.0, 1.0, 1.0, 1.0, 1.0, 1.0, 1.0, 1.0, 1.0, 1.0, 1.0, 1.0, 1.0, 1.0, 1.0, 1.0, 1.0, 1.0, 1.0, 1.0, 1.0, 1.0, 1.0, 1.0, 1.0, 1.0, 1.0, 1.0, 1.0, 1.0, 1.0, 1.0, 1.0, 1.0, 1.0, 1.0, 1.0, 1.0, 1.0, 1.0, 1.0, 1.0, 1.0, 1.0, 1.0, 1.0, 1.0, 1.0, 1.0, 1.0, 1.0, 1.0, 1.0, 1.0, 1.0, 1.0, 1.0, 1.0, 1.0, 1.0, 1.0, 1.0, 1.0, 1.0, 1.0, 1.0, 1.0, 1.0, 1.0, 1.0, 1.0, 1.0, 1.0, 1.0, 1.0, 1.0, 1.0, 1.0, 1.0, 1.0, 1.0, 1.0, 1.0, 1.0, 1.0, 1.0, 1.0, 1.0, 1.0, 1.0, 1.0, 1.0, 1.0, 1.0, 1.0, 1.0, 1.0, 1.0, 1.0, 1.0, 1.0, 1.0, 1.0, 1.0, 1.0, 1.0, 1.0, 1.0, 1.0, 1.0, 1.0, 1.0, 1.0, 1.0, 1.0, 1.0, 1.0, 1.0, 1.0, 1.0, 1.0, 1.0, 1.0, 1.0, 1.0, 1.0, 1.0, 1.0, 1.0, 1.0, 1.0, 1.0, 1.0, 1.0, 1.0, 1.0, 1.0, 1.0, 1.0, 1.0, 1.0, 1.0, 1.0, 1.0, 1.0, 1.0, 1.0, 1.0, 1.0, 1.0, 1.0, 1.0, 1.0, 1.0, 1.0, 1.0, 1.0, 1.0, 1.0, 1.0, 1.0, 1.0, 1.0, 1.0, 1.0, 1.0, 1.0, 1.0, 1.0, 1.0, 1.0, 1.0, 1.0, 1.0, 1.0, 1.0, 1.0, 1.0, 1.0, 1.0, 1.0, 1.0, 1.0, 1.0, 1.0, 1.0, 1.0, 1.0, 1.0, 1.0, 1.0, 1.0, 1.0, 1.0, 1.0, 1.0, 1.0, 1.0, 1.0, 1.0, 1.0, 1.0, 1.0, 1.0, 1.0, 1.0, 1.0, 1.0, 1.0, 1.0, 1.0, 1.0, 1.0, 1.0, 1.0, 1.0, 1.0, 1.0, 1.0, 1.0, 1.0, 1.0, 1.0, 1.0, 1.0, 1.0, 1.0, 1.0, 1.0, 1.0, 1.0, 1.0, 1.0, 1.0, 1.0, 1.0, 1.0, 1.0, 1.0, 1.0, 1.0, 1.0, 1.0, 1.0, 1.0, 1.0, 1.0, 1.0, 1.0, 1.0, 1.0, 1.0, 1.0, 1.0, 1.0, 1.0, 1.0, 1.0, 1.0, 1.0, 1.0, 1.0, 1.0, 1.0, 1.0, 1.0, 1.0, 1.0, 1.0, 1.0, 1.0, 1.0, 1.0, 1.0, 1.0, 1.0, 1.0, 1.0, 1.0, 1.0, 1.0, 1.0, 1.0, 1.0, 1.0, 1.0, 1.0, 1.0, 1.0, 1.0, 1.0, 1.0, 1.0, 1.0, 1.0, 1.0, 1.0, 1.0, 1.0, 1.0, 1.0, 1.0, 1.0, 1.0, 1.0, 1.0, 1.0, 1.0, 1.0, 1.0, 1.0, 1.0, 1.0, 1.0, 1.0, 1.0, 1.0, 1.0, 1.0, 1.0, 1.0, 1.0, 1.0, 1.0, 1.0, 1.0, 1.0, 1.0, 1.0, 1.0, 1.0, 1.0, 1.0, 1.0, 1.0, 1.0, 1.0, 1.0, 1.0, 1.0, 1.0, 1.0, 1.0, 1.0, 1.0, 1.0, 1.0, 1.0, 1.0, 1.0, 1.0, 1.0, 1.0, 1.0, 1.0, 1.0, 1.0, 1.0, 1.0, 1.0, 1.0, 1.0, 1.0, 1.0, 1.0, 1.0, 1.0, 1.0, 1.0, 1.0, 1.0, 1.0, 1.0, 1.0, 1.0, 1.0, 1.0, 1.0, 1.0, 1.0, 1.0, 1.0, 1.0, 1.0, 1.0, 1.0, 1.0, 1.0, 1.0, 1.0, 1.0, 1.0, 1.0, 1.0, 1.0, 1.0, 1.0, 1.0, 1.0, 1.0, 1.0, 1.0, 1.0, 1.0, 1.0, 1.0, 1.0, 1.0, 1.0, 1.0, 1.0, 1.0, 1.0, 1.0, 1.0, 1.0, 1.0, 1.0, 1.0, 1.0, 1.0, 1.0, 1.0, 1.0, 1.0, 1.0, 1.0, 1.0, 1.0, 1.0, 1.0, 1.0, 1.0, 1.0, 1.0, 1.0, 1.0, 1.0, 1.0, 1.0, 1.0, 1.0, 1.0, 1.0, 1.0, 1.0, 1.0, 1.0, 1.0, 1.0, 1.0, 1.0, 1.0, 1.0, 1.0, 1.0, 1.0, 1.0, 1.0, 1.0, 1.0, 1.0, 1.0, 1.0, 1.0, 1.0, 1.0, 1.0, 1.0, 1.0, 1.0, 1.0, 1.0, 1.0, 1.0, 1.0, 1.0, 1.0, 1.0, 1.0, 1.0, 1.0, 1.0, 1.0, 1.0, 1.0, 1.0, 1.0, 1.0, 1.0, 1.0, 1.0, 1.0, 1.0, 1.0, 1.0, 1.0, 1.0, 1.0, 1.0, 1.0, 1.0, 1.0, 1.0, 1.0, 1.0, 1.0, 1.0, 1.0, 1.0, 1.0, 1.0, 1.0, 1.0, 1.0, 1.0, 1.0, 1.0, 1.0, 1.0, 1.0, 1.0, 1.0, 1.0, 1.0, 1.0, 1.0, 1.0, 1.0, 1.0, 1.0, 1.0, 1.0, 1.0, 1.0, 1.0, 1.0, 1.0, 1.0, 1.0, 1.0, 1.0, 1.0, 1.0, 1.0, 1.0, 1.0, 1.0, 1.0, 1.0, 1.0, 1.0, 1.0, 1.0, 1.0, 1.0, 1.0, 1.0, 1.0, 1.0, 1.0, 1.0, 1.0, 1.0, 1.0, 1.0, 1.0, 1.0, 1.0, 1.0, 1.0, 1.0, 1.0, 1.0, 1.0, 1.0, 1.0, 1.0, 1.0, 1.0, 1.0, 1.0, 1.0, 1.0, 1.0, 1.0, 1.0, 1.0, 1.0, 1.0, 1.0, 1.0, 1.0, 1.0, 1.0, 1.0, 1.0, 1.0, 1.0, 1.0, 1.0, 1.0, 1.0, 1.0, 1.0, 1.0, 1.0, 1.0, 1.0, 1.0, 1.0, 1.0, 1.0, 1.0, 1.0, 1.0, 1.0, 1.0, 1.0, 1.0, 1.0, 1.0, 1.0, 1.0, 1.0, 1.0, 1.0, 1.0, 1.0, 1.0, 1.0, 1.0, 1.0, 1.0, 1.0, 1.0, 1.0, 1.0, 1.0, 1.0, 1.0, 1.0, 1.0, 1.0, 1.0, 1.0, 1.0, 1.0, 1.0, 1.0, 1.0, 1.0, 1.0, 1.0, 1.0, 1.0, 1.0, 1.0, 1.0, 1.0, 1.0, 1.0, 1.0, 1.0, 1.0, 1.0, 1.0, 1.0, 1.0, 1.0, 1.0, 1.0, 1.0, 1.0, 1.0, 1.0, 1.0, 1.0, 1.0, 1.0, 1.0, 1.0, 1.0, 1.0, 1.0, 1.0, 1.0, 1.0, 1.0, 1.0, 1.0, 1.0, 1.0, 1.0, 1.0, 1.0, 1.0, 1.0, 1.0, 1.0, 1.0, 1.0, 1.0, 1.0, 1.0, 1.0, 1.0, 1.0, 1.0, 1.0, 1.0, 1.0, 1.0, 1.0, 1.0, 1.0, 1.0, 1.0, 1.0, 1.0, 1.0, 1.0, 1.0, 1.0, 1.0, 1.0, 1.0, 1.0, 1.0, 1.0, 1.0, 1.0, 1.0, 1.0, 1.0, 1.0, 1.0, 1.0, 1.0, 1.0, 1.0, 1.0, 1.0, 1.0, 1.0, 1.0, 1.0, 1.0, 1.0, 1.0, 1.0, 1.0, 1.0, 1.0, 1.0, 1.0, 1.0, 1.0, 1.0, 1.0, 1.0, 1.0, 1.0, 1.0, 1.0, 1.0, 1.0, 1.0, 1.0, 1.0, 1.0, 1.0, 1.0, 1.0, 1.0, 1.0, 1.0, 1.0, 1.0, 1.0, 1.0, 1.0, 1.0, 1.0, 1.0, 1.0, 1.0, 1.0, 1.0, 1.0, 1.0, 1.0, 1.0, 1.0, 1.0, 1.0, 1.0, 1.0, 1.0, 1.0, 1.0, 1.0, 1.0, 1.0, 1.0, 1.0, 1.0, 1.0, 1.0, 1.0, 1.0, 1.0, 1.0, 1.0, 1.0, 1.0, 1.0, 1.0, 1.0, 1.0, 1.0, 1.0, 1.0, 1.0, 1.0, 1.0, 1.0, 1.0, 1.0, 1.0, 1.0, 1.0, 1.0, 1.0, 1.0, 1.0, 1.0, 1.0, 1.0, 1.0, 1.0, 1.0, 1.0, 1.0, 1.0, 1.0, 1.0, 1.0, 1.0, 1.0, 1.0, 1.0, 1.0, 1.0, 1.0, 1.0, 1.0, 1.0, 1.0, 1.0, 1.0, 1.0, 1.0, 1.0, 1.0, 1.0, 1.0, 1.0, 1.0, 1.0, 1.0, 1.0, 1.0, 1.0, 1.0, 1.0, 1.0, 1.0, 1.0, 1.0, 1.0, 1.0, 1.0, 1.0, 1.0, 1.0, 1.0, 1.0, 1.0, 1.0, 1.0, 1.0, 1.0, 1.0, 1.0, 1.0, 1.0, 1.0, 1.0, 1.0, 1.0, 1.0, 1.0, 1.0, 1.0, 1.0, 1.0, 1.0, 1.0, 1.0, 1.0, 1.0, 1.0, 1.0, 1.0, 1.0, 1.0, 1.0, 1.0, 1.0, 1.0, 1.0, 1.0, 1.0, 1.0, 1.0, 1.0, 1.0, 1.0, 1.0, 1.0, 1.0, 1.0, 1.0, 1.0, 1.0, 1.0, 1.0, 1.0, 1.0, 1.0, 1.0, 1.0, 1.0, 1.0, 1.0, 1.0, 1.0, 1.0, 1.0, 1.0, 1.0, 1.0, 1.0, 1.0, 1.0, 1.0, 1.0, 1.0, 1.0, 1.0, 1.0, 1.0, 1.0, 1.0, 1.0, 1.0, 1.0, 1.0, 1.0, 1.0, 1.0, 1.0, 1.0, 1.0, 1.0, 1.0, 1.0, 1.0, 1.0, 1.0, 1.0, 1.0, 1.0, 1.0, 1.0, 1.0, 1.0, 1.0, 1.0, 1.0, 1.0, 1.0, 1.0, 1.0, 1.0, 1.0, 1.0, 1.0, 1.0, 1.0, 1.0, 1.0, 1.0, 1.0, 1.0, 1.0, 1.0, 1.0, 1.0, 1.0, 1.0, 1.0, 1.0, 1.0, 1.0, 1.0, 1.0, 1.0, 1.0, 1.0, 1.0, 1.0, 1.0, 1.0, 1.0, 1.0, 1.0, 1.0, 1.0, 1.0, 1.0, 1.0, 1.0, 1.0, 1.0, 1.0, 1.0, 1.0, 1.0, 1.0, 1.0, 1.0, 1.0, 1.0, 1.0, 1.0, 1.0, 1.0, 1.0, 1.0, 1.0, 1.0, 1.0, 1.0, 1.0, 1.0, 1.0, 1.0, 1.0, 1.0, 1.0, 1.0, 1.0, 1.0, 1.0, 1.0, 1.0, 1.0, 1.0, 1.0, 1.0, 1.0, 1.0, 1.0, 1.0, 1.0, 1.0, 1.0, 1.0, 1.0, 1.0, 1.0, 1.0, 1.0, 1.0, 1.0, 1.0, 1.0, 1.0, 1.0, 1.0, 1.0, 1.0, 1.0, 1.0, 1.0, 1.0, 1.0, 1.0, 1.0, 1.0, 1.0, 1.0, 1.0, 1.0, 1.0, 1.0, 1.0, 1.0, 1.0, 1.0, 1.0, 1.0, 1.0, 1.0, 1.0, 1.0, 1.0, 1.0, 1.0, 1.0, 1.0, 1.0, 1.0, 1.0, 1.0, 1.0, 1.0, 1.0, 1.0, 1.0, 1.0, 1.0, 1.0, 1.0, 1.0, 1.0, 1.0, 1.0, 1.0, 1.0, 1.0, 1.0, 1.0, 1.0, 1.0, 1.0, 1.0, 1.0, 1.0, 1.0, 1.0, 1.0, 1.0, 1.0, 1.0, 1.0, 1.0, 1.0, 1.0, 1.0, 1.0, 1.0, 1.0, 1.0, 1.0, 1.0, 1.0, 1.0, 1.0, 1.0, 1.0, 1.0, 1.0, 1.0, 1.0, 1.0, 1.0, 1.0, 1.0, 1.0, 1.0, 1.0, 1.0, 1.0, 1.0, 1.0, 1.0, 1.0, 1.0, 1.0, 1.0, 1.0, 1.0, 1.0, 1.0, 1.0, 1.0, 1.0, 1.0, 1.0, 1.0, 1.0, 1.0, 1.0, 1.0, 1.0, 1.0, 1.0, 1.0, 1.0, 1.0, 1.0, 1.0, 1.0, 1.0, 1.0, 1.0, 1.0, 1.0, 1.0, 1.0, 1.0, 1.0, 1.0, 1.0, 1.0, 1.0, 1.0, 1.0, 1.0, 1.0, 1.0, 1.0, 1.0, 1.0, 1.0, 1.0, 1.0, 1.0, 1.0, 1.0, 1.0, 1.0, 1.0, 1.0, 1.0, 1.0, 1.0, 1.0, 1.0, 1.0, 1.0, 1.0, 1.0, 1.0, 1.0, 1.0, 1.0, 1.0, 1.0, 1.0, 1.0, 1.0, 1.0, 1.0, 1.0, 1.0, 1.0, 1.0, 1.0, 1.0, 1.0, 1.0, 1.0, 1.0, 1.0, 1.0, 1.0, 1.0, 1.0, 1.0, 1.0, 1.0, 1.0, 1.0, 1.0, 1.0, 1.0, 1.0, 1.0, 1.0, 1.0, 1.0, 1.0, 1.0, 1.0, 1.0, 1.0, 1.0, 1.0, 1.0, 1.0, 1.0, 1.0, 1.0, 1.0, 1.0, 1.0, 1.0, 1.0, 1.0, 1.0, 1.0, 1.0, 1.0, 1.0, 1.0, 1.0, 1.0, 1.0, 1.0, 1.0, 1.0, 1.0, 1.0, 1.0, 1.0, 1.0, 1.0, 1.0, 1.0, 1.0, 1.0, 1.0, 1.0, 1.0, 1.0, 1.0, 1.0, 1.0, 1.0, 1.0, 1.0, 1.0, 1.0, 1.0, 1.0, 1.0, 1.0, 1.0, 1.0, 1.0, 1.0, 1.0, 1.0, 1.0, 1.0, 1.0, 1.0, 1.0, 1.0, 1.0, 1.0, 1.0, 1.0, 1.0, 1.0, 1.0, 1.0, 1.0, 1.0, 1.0, 1.0, 1.0, 1.0, 1.0, 1.0, 1.0, 1.0, 1.0, 1.0, 1.0, 1.0, 1.0, 1.0, 1.0, 1.0, 1.0, 1.0, 1.0, 1.0, 1.0, 1.0, 1.0, 1.0, 1.0, 1.0, 1.0, 1.0, 1.0, 1.0, 1.0, 1.0, 1.0, 1.0, 1.0, 1.0, 1.0]","[1.0, 1.0, 1.0, 1.0, 1.0, 1.0, 1.0, 1.0, 1.0, 1.0, 1.0, 1.0, 1.0, 1.0, 1.0, 1.0, 1.0, 1.0, 1.0, 1.0, 1.0, 1.0, 1.0, 1.0, 1.0, 1.0, 1.0, 1.0, 1.0, 1.0, 1.0, 1.0, 1.0, 1.0, 1.0, 1.0, 1.0, 1.0, 1.0, 1.0, 1.0, 1.0, 1.0, 1.0, 1.0, 1.0, 1.0, 1.0, 1.0, 1.0, 1.0, 1.0, 1.0, 1.0, 1.0, 1.0, 1.0, 1.0, 1.0, 1.0, 1.0, 1.0, 1.0, 1.0, 1.0, 1.0, 1.0, 1.0, 1.0, 1.0, 1.0, 1.0, 1.0, 1.0, 1.0, 1.0, 1.0, 1.0, 1.0, 1.0, 1.0, 1.0, 1.0, 1.0, 1.0, 1.0, 1.0, 1.0, 1.0, 1.0, 1.0, 1.0, 1.0, 1.0, 1.0, 1.0, 1.0, 1.0, 1.0, 1.0, 1.0, 1.0, 1.0, 1.0, 1.0, 1.0, 1.0, 1.0, 1.0, 1.0, 1.0, 1.0, 1.0, 1.0, 1.0, 1.0, 1.0, 1.0, 1.0, 1.0, 1.0, 1.0, 1.0, 1.0, 1.0, 1.0, 1.0, 1.0, 1.0, 1.0, 1.0, 1.0, 1.0, 1.0, 1.0, 1.0, 1.0, 1.0, 1.0, 1.0, 1.0, 1.0, 1.0, 1.0, 1.0, 1.0, 1.0, 1.0, 1.0, 1.0, 1.0, 1.0, 1.0, 1.0, 1.0, 1.0, 1.0, 1.0, 1.0, 1.0, 1.0, 1.0, 1.0, 1.0, 1.0, 1.0, 1.0, 1.0, 1.0, 1.0, 1.0, 1.0, 1.0, 1.0, 1.0, 1.0, 1.0, 1.0, 1.0, 1.0, 1.0, 1.0, 1.0, 1.0, 1.0, 1.0, 1.0, 1.0, 1.0, 1.0, 1.0, 1.0, 1.0, 1.0, 1.0, 1.0, 1.0, 1.0, 1.0, 1.0, 1.0, 1.0, 1.0, 1.0, 1.0, 1.0, 1.0, 1.0, 1.0, 1.0, 1.0, 1.0, 1.0, 1.0, 1.0, 1.0, 1.0, 1.0, 1.0, 1.0, 1.0, 1.0, 1.0, 1.0, 1.0, 1.0, 1.0, 1.0, 1.0, 1.0, 1.0, 1.0, 1.0, 1.0, 1.0, 1.0, 1.0, 1.0, 1.0, 1.0, 1.0, 1.0, 1.0, 1.0, 1.0, 1.0, 1.0, 1.0, 1.0, 1.0, 1.0, 1.0, 1.0, 1.0, 1.0, 1.0, 1.0, 1.0, 1.0, 1.0, 1.0, 1.0, 1.0, 1.0, 1.0, 1.0, 1.0, 1.0, 1.0, 1.0, 1.0, 1.0, 1.0, 1.0, 1.0, 1.0, 1.0, 1.0, 1.0, 1.0, 1.0, 1.0, 1.0, 1.0, 1.0, 1.0, 1.0, 1.0, 1.0, 1.0, 1.0, 1.0, 1.0, 1.0, 1.0, 1.0, 1.0, 1.0, 1.0, 1.0, 1.5827338129496402, 0.8371335504885994, 1.0316742081447965, 0.8945147679324894, 0.9087779690189329, 0.748730964467005, 0.9358974358974359, 0.8506493506493507, 0.8273092369477911, 1.0076045627376427, 0.91, 0.8968609865470852, 0.8644688644688645, 1.0327868852459017, 0.9507042253521126, 0.8380165289256198, 0.855457227138643, 0.9092307692307692, 0.7922848664688428, 0.8695652173913043, 1.0, 1.0108108108108107, 0.9710144927536232, 0.8558823529411764, 1.4893617021276595, 0.8983050847457628, 1.0, 0.9237536656891495, 0.8033707865168539, 0.9084967320261438, 0.8316831683168316, 0.91, 1.0, 1.0, 0.7780548628428927, 0.7281553398058253, 0.8167330677290837, 1.1627906976744187, 0.8192771084337349, 1.0669642857142858, 0.9444444444444444, 0.847953216374269, 0.9265822784810127, 1.0531645569620254, 1.0, 1.0151515151515151, 0.9341772151898734, 0.9346049046321526, 0.9271356783919598, 0.7964376590330788, 1.0, 0.9295774647887324, 1.0, 1.0, 0.9291139240506329, 1.0378787878787878, 1.0833333333333333, 0.8888888888888888, 1.469248291571754, 1.6102564102564103, 0.9353448275862069, 1.093167701863354, 1.0, 1.0362903225806452, 0.7565217391304347, 0.8408163265306122, 1.1275760549558391, 1.046376811594203, 1.0, 1.0, 0.8819095477386935, 0.8632911392405064, 0.9166666666666666, 0.8632911392405064, 0.8374233128834356, 0.9637096774193549, 0.8163841807909604, 0.9050445103857567, 0.7414634146341463, 0.8559670781893004, 0.9692982456140351, 0.9045092838196287, 0.7936507936507936, 1.0560747663551402, 0.847457627118644, 1.1226415094339623, 1.0, 0.8907563025210085, 0.9772727272727273, 0.8007968127490039, 1.0, 0.8945147679324894, 0.7868589743589743, 1.0, 1.0, 1.0, 1.0228310502283104, 0.8968609865470852, 0.851063829787234, 0.8672199170124482, 0.8828451882845189, 0.9188034188034188, 1.0, 0.8770949720670391, 0.8987341772151899, 0.9907407407407407, 0.8007968127490039, 0.9106382978723404, 0.875, 1.0, 0.875, 1.0, 0.902542372881356, 1.037037037037037, 0.9797101449275363, 1.0, 1.0, 1.0, 1.0, 1.0, 1.0, 1.0, 1.0, 1.0, 1.0, 1.0, 1.0, 1.0, 1.0, 1.0, 1.0, 1.0, 1.0, 1.0, 1.0, 1.0, 1.0, 1.0, 1.0, 1.0, 1.0316742081447965, 1.0, 1.0, 0.8007968127490039, 1.0, 0.875, 1.0, 1.0, 1.0, 1.0, 1.0, 1.0, 1.0, 1.0, 1.0, 1.0, 1.0, 1.0, 1.0, 1.0, 1.0, 1.0, 1.0, 1.0, 1.0, 1.0, 1.0, 1.0, 1.0, 1.0, 1.0, 1.0, 1.0, 1.0, 1.0, 1.0, 1.0, 1.0, 1.0, 1.0, 1.0, 1.0, 1.0, 1.0, 1.0, 1.0, 1.0, 1.0, 1.0, 1.0, 1.0, 1.0, 1.0, 1.0, 1.0, 1.0, 1.0, 1.0, 1.0, 1.0, 1.0, 1.0, 1.0, 1.0, 1.0, 1.0, 1.0, 1.0, 1.0, 1.0, 1.0, 1.0, 1.0, 1.0, 1.0, 1.0, 1.0, 1.0, 1.0, 1.0, 1.0, 1.0, 1.0, 1.0, 1.0, 1.0, 1.0, 1.0, 1.0, 1.0, 1.0, 1.0, 1.0, 1.0, 1.0, 1.0, 1.0, 1.0, 1.0, 1.0, 1.0, 1.0, 1.0, 1.0, 1.0, 1.0, 1.0, 1.0, 1.0, 1.0, 1.0, 1.0, 1.0, 1.0, 1.0, 1.0, 1.0, 1.0, 1.0, 1.0, 1.0, 1.0, 1.0, 1.0, 1.0, 1.0, 1.0, 1.0, 1.0, 1.0, 1.0, 1.0, 1.0, 1.0, 1.0, 1.0, 1.0, 1.0, 1.0, 1.0, 1.0, 1.0, 1.0, 1.0, 1.0, 1.0, 1.0, 1.0, 1.0, 1.0, 1.0, 1.0, 1.0, 1.0, 1.0, 1.0, 1.0, 1.0, 1.0, 1.0, 1.0, 1.0, 1.0, 1.0, 1.0, 1.0, 1.0, 0.9076923076923077, 1.2170542635658914, 0.8687258687258688, 0.8549618320610687, 1.2076923076923076, 1.098814229249012, 1.0, 1.0352422907488987, 1.0, 0.8232931726907631, 1.0, 1.0, 0.8740740740740741, 0.9003831417624522, 1.0, 1.0825688073394495, 0.8983050847457628, 1.0, 0.9007633587786259, 1.0, 1.0216450216450217, 0.8137931034482758, 1.0352422907488987, 0.8931623931623932, 0.9585253456221198, 1.0350877192982457, 0.8, 1.0, 1.0, 0.9182879377431906, 0.9076923076923077, 1.0446428571428572, 1.0657276995305165, 0.8072289156626506, 0.8973384030418251, 1.0, 1.0352422907488987, 1.0, 0.7866666666666666, 1.0, 1.073394495412844, 0.9244444444444444, 0.9579439252336449, 1.0, 0.9402390438247012, 1.030701754385965, 1.073394495412844, 1.0, 0.8428571428571429, 0.9402390438247012, 0.7637540453074434, 1.0, 1.0, 0.9402390438247012, 1.0, 1.0, 0.8064516129032258, 1.0, 0.92, 1.0262008733624455, 1.0, 0.9007633587786259, 0.823045267489712, 1.04, 0.9182879377431906, 1.04, 0.9076923076923077, 1.0, 1.0, 1.0, 1.0085836909871244, 1.0216450216450217, 0.9007633587786259, 0.8940677966101694, 0.8137931034482758, 1.0262008733624455, 1.073394495412844, 1.0309734513274336, 0.8974358974358975, 0.8, 0.8973384030418251, 1.0446428571428572, 0.9711934156378601, 0.9076923076923077, 1.0, 0.8, 1.0, 1.0, 0.9316239316239316, 0.8805970149253731, 0.7571428571428571, 0.7866666666666666, 0.9711934156378601, 0.7492063492063492, 0.9365079365079365, 1.0, 1.0, 1.0, 1.1201923076923077, 0.8644688644688645, 0.9145299145299145, 0.8599221789883269, 0.8809523809523809, 0.9402390438247012, 1.3350515463917525, 0.7169811320754716, 1.0, 1.0, 0.8007968127490039, 0.7936507936507936, 1.7857142857142858, 1.5027322404371584, 0.749034749034749, 1.0, 0.859504132231405, 1.0691244239631337, 0.9437229437229437, 0.859504132231405, 1.0, 1.0, 1.0316742081447965, 1.0, 0.997737556561086, 1.0, 1.0225225225225225, 1.026378896882494, 0.8664122137404581, 0.8466257668711656, 1.026378896882494, 1.0, 1.0691244239631337, 1.0, 1.778393351800554, 1.0316742081447965, 0.8442622950819673, 1.0, 0.9970588235294118, 0.973568281938326, 1.0, 0.799554565701559, 1.0, 1.0225225225225225, 0.8007968127490039, 1.0, 1.0, 1.0, 1.0225225225225225, 0.8606965174129353, 1.0, 0.8156028368794326, 1.0, 1.0, 1.0, 0.997737556561086, 1.0, 1.054054054054054, 0.7575757575757576, 1.0316742081447965, 1.0, 0.8007968127490039, 0.8606965174129353, 0.7575757575757576, 1.0, 1.0225225225225225, 0.8007968127490039, 0.8664122137404581, 1.0, 1.0, 1.0, 1.778393351800554, 0.9049773755656109, 1.0, 1.0225225225225225, 0.9825, 0.973568281938326, 0.8664122137404581, 0.8466257668711656, 1.0, 1.0, 1.0691244239631337, 1.5, 0.9049773755656109, 1.7857142857142858, 1.5027322404371584, 1.0316742081447965, 0.749034749034749, 0.8518518518518519, 1.0981308411214954, 1.0691244239631337, 0.9188034188034188, 1.0, 1.0, 1.107981220657277, 1.0, 1.0, 1.0, 1.0, 0.7169811320754716, 1.0225225225225225, 0.8007968127490039, 1.7857142857142858, 1.0, 1.0, 1.0981308411214954, 1.0691244239631337, 0.8007968127490039, 1.0225225225225225, 0.7936507936507936, 0.7575757575757576, 1.0, 1.0, 1.026378896882494, 1.0, 1.0225225225225225, 0.8007968127490039, 0.8466257668711656, 1.0, 1.0691244239631337, 1.0, 1.778393351800554, 1.5, 0.8442622950819673, 1.0, 1.0, 1.0, 1.054054054054054, 0.799554565701559, 0.8905852417302799, 0.8387096774193549, 0.804, 0.7626459143968871, 1.0691244239631337, 1.0, 1.778393351800554, 1.5, 0.8442622950819673, 0.8156028368794326, 0.8664122137404581, 1.0, 1.0691244239631337, 1.026378896882494, 1.778393351800554, 1.5, 1.0, 1.0, 0.9825, 0.973568281938326, 0.799554565701559, 1.0316742081447965, 0.7936507936507936, 0.9188034188034188, 0.7575757575757576, 1.0225225225225225, 1.0, 0.8606965174129353, 1.0, 0.9437229437229437, 1.0, 1.0225225225225225, 1.054054054054054, 0.8606965174129353, 0.8466257668711656, 1.0, 1.0, 0.7575757575757576, 0.9049773755656109, 1.0, 0.973568281938326, 1.0, 1.0225225225225225, 0.7936507936507936, 1.0316742081447965, 1.7857142857142858, 1.0225225225225225, 1.0225225225225225, 1.026378896882494, 0.8606965174129353, 1.0316742081447965, 0.9188034188034188, 0.7936507936507936, 0.7575757575757576, 1.0, 1.7857142857142858, 1.0225225225225225, 0.8007968127490039, 0.8664122137404581, 0.8466257668711656, 1.0691244239631337, 0.9067796610169492, 1.778393351800554, 1.0, 0.9825, 0.799554565701559, 0.8664122137404581, 1.0, 1.0691244239631337, 0.9333333333333333, 0.8442622950819673, 0.8984771573604061, 0.749034749034749, 1.0, 1.0691244239631337, 0.7936507936507936, 1.026378896882494, 0.7936507936507936, 0.7575757575757576, 1.0, 1.7857142857142858, 1.0, 1.0225225225225225, 0.8606965174129353, 1.5027322404371584, 1.0, 1.0, 0.8518518518518519, 0.9437229437229437, 0.9188034188034188, 1.0, 1.0316742081447965, 1.0, 0.7510548523206751, 0.7169811320754716, 0.9049773755656109, 0.8984771573604061, 0.749034749034749, 1.026378896882494, 0.9437229437229437, 0.859504132231405, 0.8007968127490039, 1.0316742081447965, 1.7857142857142858, 0.7169811320754716, 1.026378896882494, 1.5027322404371584, 1.0316742081447965, 0.8518518518518519, 0.7936507936507936, 0.9188034188034188, 1.0, 0.799554565701559, 1.0, 0.7169811320754716, 1.0225225225225225, 0.8907563025210085, 0.804, 1.0691244239631337, 1.778393351800554, 1.0, 0.9825, 0.8907563025210085, 0.8442622950819673, 1.0, 0.9067796610169492, 0.9333333333333333, 1.0, 0.8664122137404581, 0.804, 1.0, 0.9333333333333333, 0.8442622950819673, 1.0, 1.054054054054054, 1.0, 0.8007968127490039, 1.0, 0.9333333333333333, 0.799554565701559, 0.7575757575757576, 1.0, 1.0, 1.7857142857142858, 1.0316742081447965, 1.026378896882494, 1.0, 0.8442622950819673, 0.859504132231405, 0.8664122137404581, 1.0691244239631337, 1.0, 0.9333333333333333, 1.0, 1.0691244239631337, 1.0, 1.0691244239631337, 0.9437229437229437, 1.0, 1.0, 1.7857142857142858, 1.0225225225225225, 0.8007968127490039, 0.8007968127490039, 1.7857142857142858, 1.5027322404371584, 0.749034749034749, 0.8518518518518519, 0.859504132231405, 0.7936507936507936, 0.9437229437229437, 0.859504132231405, 0.7936507936507936, 1.107981220657277, 1.0, 1.0, 1.7857142857142858, 1.0, 1.0, 1.0, 1.0, 1.0, 1.0, 1.0, 1.0, 1.0, 1.0, 1.0, 1.0, 1.0, 1.0, 1.0, 1.0, 1.0, 1.0, 1.0, 1.0, 1.0, 1.0, 1.0, 1.0, 1.0, 1.0, 1.0, 1.0, 1.0, 1.0, 1.0, 1.0, 1.0, 1.0, 1.0, 1.0, 1.0, 1.0, 1.0, 1.0, 1.0, 1.0, 1.0, 1.0, 1.0, 1.0, 1.0, 1.0, 1.0, 1.0, 1.0, 1.0, 1.0, 1.0, 1.0, 1.0, 1.0, 1.0, 1.0, 1.0, 1.0, 1.0, 1.0, 1.0, 1.0, 1.0, 1.0, 1.0, 1.0, 1.0, 1.0, 1.0, 1.0, 1.0, 1.0, 1.0, 1.0, 1.0, 1.0, 1.0, 1.0, 1.0, 1.0, 1.0, 1.0, 1.0, 1.0, 1.0, 1.0, 1.0, 1.0, 1.0, 1.0, 1.0, 1.0, 1.0, 1.0, 1.0, 1.0, 1.0, 1.0, 1.0, 1.0, 1.0, 1.0, 1.0, 1.0, 1.0, 1.0, 1.0, 1.0, 1.0, 1.0, 1.0, 1.0, 1.0, 1.0, 1.0, 1.0, 1.0, 1.0, 1.0, 1.0, 1.0, 1.0, 1.0, 1.0, 1.0, 1.0, 1.0, 1.0, 1.0, 1.0, 1.0, 1.0, 1.0, 1.0, 1.0, 1.0, 1.0, 1.0, 1.0, 1.0, 1.0, 1.0, 1.0, 1.0, 1.0, 1.0, 1.0, 1.0, 1.0, 1.0, 1.0, 1.0, 1.0, 1.0, 1.0, 1.0, 1.0, 1.0, 1.0, 1.0, 1.0, 1.0, 1.0, 1.0, 1.0, 1.0, 1.0, 1.0, 1.0, 1.0, 1.0, 1.0, 1.0, 1.0, 1.0, 1.0, 1.0, 1.0, 1.0, 1.0, 1.0, 1.0, 1.0, 1.0, 1.0, 1.0, 1.0, 1.0, 1.0, 1.0, 1.0, 1.0, 1.0, 1.0, 1.0, 1.0, 1.0, 1.0, 1.0, 1.0, 1.0, 1.0, 1.0, 1.0, 1.0, 1.0, 1.0, 1.0, 1.0, 1.0, 1.0, 1.0, 1.0, 1.0, 1.0, 1.0, 1.0, 1.0, 1.0, 1.0, 1.0, 1.0, 1.0, 1.0, 1.0, 1.0, 1.0, 1.0, 1.0, 1.0, 1.0, 1.0, 1.0, 1.0, 1.0, 1.0, 1.0, 1.0, 1.0, 1.0, 1.0, 1.0, 1.0, 1.0, 1.0, 1.0, 1.0, 1.0, 1.0, 1.0, 1.0, 1.0, 1.0, 1.0, 1.0, 1.0, 1.0, 1.0, 1.0, 1.0, 1.0, 1.0, 1.0, 1.0, 1.0, 1.0, 1.0, 1.0, 1.0, 1.0, 1.0, 1.0, 1.0, 1.0, 1.0, 1.0, 1.0, 1.0, 1.0, 1.0, 1.0, 1.0, 1.0, 1.0, 1.0, 1.0, 1.0, 1.0, 1.0, 1.0, 1.0, 1.0, 1.0, 1.0, 1.0, 1.0, 1.0]"
min_aspect_ratio,0.644808743169399,0.7169811320754716
max_aspect_ratio,1.7857142857142858,1.7857142857142858
mean_aspect_ratio,0.9942005424562838,0.9931778808231203
